Name	SMILES	InChI	InChIKey	Molecular Weight
Schrodinger_fragment_1	C1CC1	InChI=1S/C3H6/c1-2-3-1/h1-3H2	LVZWSLJZHVFIQJ-UHFFFAOYSA-N	42.080999999999996
Schrodinger_fragment_2	C1CCCC1	InChI=1S/C5H10/c1-2-4-5-3-1/h1-5H2	RGSFGYAAUTVSQA-UHFFFAOYSA-N	70.135
Schrodinger_fragment_3	C1CCCCC1	InChI=1S/C6H12/c1-2-4-6-5-3-1/h1-6H2	XDTMQSROBMDMFD-UHFFFAOYSA-N	84.162
Schrodinger_fragment_4	C1C[C@H]2CC[C@@H]1C2	InChI=1S/C7H12/c1-2-7-4-3-6(1)5-7/h6-7H,1-5H2/t6-,7+	UMRZSTCPUPJPOJ-KNVOCYPGSA-N	96.17299999999999
Schrodinger_fragment_5	C1CC2CCC1CC2	InChI=1S/C8H14/c1-2-8-5-3-7(1)4-6-8/h7-8H,1-6H2/t7-,8+	GPRLTFBKWDERLU-OCAPTIKFSA-N	110.19999999999999
Schrodinger_fragment_6	CO	InChI=1S/CH4O/c1-2/h2H,1H3	OKKJLVBELUTLKV-UHFFFAOYSA-N	32.042
Schrodinger_fragment_7	COC	InChI=1S/C2H6O/c1-3-2/h1-2H3	LCGLNKUTAGEVQW-UHFFFAOYSA-N	46.069
Schrodinger_fragment_8	C[NH3+]	InChI=1S/CH5N/c1-2/h2H2,1H3/p+1	BAVYZALUXZFZLV-UHFFFAOYSA-O	32.066
Schrodinger_fragment_9	C[NH2+]C	InChI=1S/C2H7N/c1-3-2/h3H,1-2H3/p+1	ROSDSFDQCJNGOL-UHFFFAOYSA-O	46.092999999999996
Schrodinger_fragment_10	C[NH+](C)C	InChI=1S/C3H9N/c1-4(2)3/h1-3H3/p+1	GETQZCLCWQTVFV-UHFFFAOYSA-O	60.120000000000005
Schrodinger_fragment_11	CS	InChI=1S/CH4S/c1-2/h2H,1H3	LSDPWZHWYPCBBB-UHFFFAOYSA-N	48.11000000000001
Schrodinger_fragment_11_a	C[S-]	InChI=1S/CH4S/c1-2/h2H,1H3/p-1	LSDPWZHWYPCBBB-UHFFFAOYSA-M	47.102000000000004
Schrodinger_fragment_12	CC#N	InChI=1S/C2H3N/c1-2-3/h1H3	WEVYAHXRMPXWCK-UHFFFAOYSA-N	41.053
Schrodinger_fragment_13	CC(C)=O	InChI=1S/C3H6O/c1-3(2)4/h1-2H3	CSCPPACGZOOCGX-UHFFFAOYSA-N	58.08
Schrodinger_fragment_14	CC(=O)[O-]	InChI=1S/C2H4O2/c1-2(3)4/h1H3,(H,3,4)/p-1	QTBSBXVTEAMEQO-UHFFFAOYSA-M	59.044000000000004
Schrodinger_fragment_15	CC(N)=O	InChI=1S/C2H5NO/c1-2(3)4/h1H3,(H2,3,4)	DLFVBJFMPXGRIB-UHFFFAOYSA-N	59.068
Schrodinger_fragment_16	CNC(C)=O	InChI=1S/C3H7NO/c1-3(5)4-2/h1-2H3,(H,4,5)	OHLUUHNLEMFGTQ-UHFFFAOYSA-N	73.095
Schrodinger_fragment_17	CC(=O)N(C)C	InChI=1S/C4H9NO/c1-4(6)5(2)3/h1-3H3	FXHOOIRPVKKKFG-UHFFFAOYSA-N	87.122
Schrodinger_fragment_18	CNC(N)=O	InChI=1S/C2H6N2O/c1-4-2(3)5/h1H3,(H3,3,4,5)	XGEGHDBEHXKFPX-UHFFFAOYSA-N	74.083
Schrodinger_fragment_19	CNC(=O)NC	InChI=1S/C3H8N2O/c1-4-3(6)5-2/h1-2H3,(H2,4,5,6)	MGJKQDOBUOMPEZ-UHFFFAOYSA-N	88.11
Schrodinger_fragment_20	CNC(=O)N(C)C	InChI=1S/C4H10N2O/c1-5-4(7)6(2)3/h1-3H3,(H,5,7)	COSWCAGTKRUTQV-UHFFFAOYSA-N	102.13699999999999
Schrodinger_fragment_21	CN(C)C(=O)N(C)C	InChI=1S/C5H12N2O/c1-6(2)5(8)7(3)4/h1-4H3	AVQQQNCBBIEMEU-UHFFFAOYSA-N	116.16399999999999
Schrodinger_fragment_22	CS(C)(=O)=O	InChI=1S/C2H6O2S/c1-5(2,3)4/h1-2H3	HHVIBTZHLRERCL-UHFFFAOYSA-N	94.13499999999999
Schrodinger_fragment_23	CS(N)(=O)=O	InChI=1S/CH5NO2S/c1-5(2,3)4/h1H3,(H2,2,3,4)	HNQIVZYLYMDVSB-UHFFFAOYSA-N	95.12299999999999
Schrodinger_fragment_23_a	CS([NH-])(=O)=O	InChI=1S/CH4NO2S/c1-5(2,3)4/h1H3,(H-,2,3,4)/q-1	YGYSYVIYOVIODP-UHFFFAOYSA-N	94.115
Schrodinger_fragment_24	CNS(C)(=O)=O	InChI=1S/C2H7NO2S/c1-3-6(2,4)5/h3H,1-2H3	UHNHTTIUNATJKL-UHFFFAOYSA-N	109.14999999999999
Schrodinger_fragment_24_a	C[N-]S(C)(=O)=O	InChI=1S/C2H6NO2S/c1-3-6(2,4)5/h1-2H3/q-1	FKZOQVDPULYTNZ-UHFFFAOYSA-N	108.142
Schrodinger_fragment_25	CN(C)S(C)(=O)=O	InChI=1S/C3H9NO2S/c1-4(2)7(3,5)6/h1-3H3	WCFDSGHAIGTEKL-UHFFFAOYSA-N	123.17699999999999
Schrodinger_fragment_26	C1C[C@H]2CC[C@@H]1[NH2+]2	InChI=1S/C6H11N/c1-2-6-4-3-5(1)7-6/h5-7H,1-4H2/p+1/t5-,6+	SNZSSCZJMVIOCR-OLQVQODUSA-O	98.169
Schrodinger_fragment_27	C1C[NH+]2CCC1CC2	InChI=1S/C7H13N/c1-4-8-5-2-7(1)3-6-8/h7H,1-6H2/p+1	SBYHFKPVCBCYGV-UHFFFAOYSA-O	112.196
Schrodinger_fragment_28	O=C1N[C@H]2CC[C@@H]1CC2	InChI=1S/C7H11NO/c9-7-5-1-3-6(8-7)4-2-5/h5-6H,1-4H2,(H,8,9)/t5-,6+	CZVSOFLNEUYJRJ-OLQVQODUSA-N	125.17099999999999
Schrodinger_fragment_29	CN1C(=O)[C@H]2CC[C@@H]1CC2	InChI=1S/C8H13NO/c1-9-7-4-2-6(3-5-7)8(9)10/h6-7H,2-5H2,1H3/t6-,7+	KQLBOVYGRJPZHL-KNVOCYPGSA-N	139.19799999999998
Schrodinger_fragment_30	O=C1CCN1	InChI=1S/C3H5NO/c5-3-1-2-4-3/h1-2H2,(H,4,5)	MNFORVFSTILPAW-UHFFFAOYSA-N	71.079
Schrodinger_fragment_31	CN1CCC1=O	InChI=1S/C4H7NO/c1-5-3-2-4(5)6/h2-3H2,1H3	QOEUNLQGZBSTBB-UHFFFAOYSA-N	85.10599999999998
Schrodinger_fragment_32	O=C1CCCN1	InChI=1S/C4H7NO/c6-4-2-1-3-5-4/h1-3H2,(H,5,6)	HNJBEVLQSNELDL-UHFFFAOYSA-N	85.106
Schrodinger_fragment_33	CN1CCCC1=O	InChI=1S/C5H9NO/c1-6-4-2-3-5(6)7/h2-4H2,1H3	SECXISVLQFMRJM-UHFFFAOYSA-N	99.13299999999998
Schrodinger_fragment_34	O=C1CCC(=O)N1	InChI=1S/C4H5NO2/c6-3-1-2-4(7)5-3/h1-2H2,(H,5,6,7)	KZNICNPSHKQLFF-UHFFFAOYSA-N	99.08899999999998
Schrodinger_fragment_34_a	O=C1CCC(=O)[N-]1	InChI=1S/C4H5NO2/c6-3-1-2-4(7)5-3/h1-2H2,(H,5,6,7)/p-1	KZNICNPSHKQLFF-UHFFFAOYSA-M	98.08099999999999
Schrodinger_fragment_35	CN1C(=O)CCC1=O	InChI=1S/C5H7NO2/c1-6-4(7)2-3-5(6)8/h2-3H2,1H3	KYEACNNYFNZCST-UHFFFAOYSA-N	113.11599999999999
Schrodinger_fragment_36	O=C1C=CC(=O)N1	InChI=1S/C4H3NO2/c6-3-1-2-4(7)5-3/h1-2H,(H,5,6,7)	PEEHTFAAVSWFBL-UHFFFAOYSA-N	97.07299999999998
Schrodinger_fragment_37	CN1C(=O)C=CC1=O	InChI=1S/C5H5NO2/c1-6-4(7)2-3-5(6)8/h2-3H,1H3	SEEYREPSKCQBBF-UHFFFAOYSA-N	111.09999999999998
Schrodinger_fragment_38	O=C1NC(=O)c2ccccc21	InChI=1S/C8H5NO2/c10-7-5-3-1-2-4-6(5)8(11)9-7/h1-4H,(H,9,10,11)	XKJCHHZQLQNZHY-UHFFFAOYSA-N	147.13299999999998
Schrodinger_fragment_38_a	O=C1[N-]C(=O)c2ccccc21	InChI=1S/C8H5NO2/c10-7-5-3-1-2-4-6(5)8(11)9-7/h1-4H,(H,9,10,11)/p-1	XKJCHHZQLQNZHY-UHFFFAOYSA-M	146.125
Schrodinger_fragment_39	CN1C(=O)c2ccccc2C1=O	InChI=1S/C9H7NO2/c1-10-8(11)6-4-2-3-5-7(6)9(10)12/h2-5H,1H3	ZXLYYQUMYFHCLQ-UHFFFAOYSA-N	161.16
Schrodinger_fragment_40	O=C1CCN1c1ccccc1	InChI=1S/C9H9NO/c11-9-6-7-10(9)8-4-2-1-3-5-8/h1-5H,6-7H2	OPISVEPYALEQJT-UHFFFAOYSA-N	147.17699999999996
Schrodinger_fragment_41	c1ccccc1	InChI=1S/C6H6/c1-2-4-6-5-3-1/h1-6H	UHOVQNZJYSORNB-UHFFFAOYSA-N	78.11399999999999
Schrodinger_fragment_42	Oc1ccccc1	InChI=1S/C6H6O/c7-6-4-2-1-3-5-6/h1-5,7H	ISWSIDIOOBJBQZ-UHFFFAOYSA-N	94.11299999999999
Schrodinger_fragment_43	COc1ccccc1	InChI=1S/C7H8O/c1-8-7-5-3-2-4-6-7/h2-6H,1H3	RDOXTESZEPMUJZ-UHFFFAOYSA-N	108.13999999999999
Schrodinger_fragment_44	Nc1ccccc1	InChI=1S/C6H7N/c7-6-4-2-1-3-5-6/h1-5H,7H2	PAYRUJLWNCNPSJ-UHFFFAOYSA-N	93.129
Schrodinger_fragment_45	CNc1ccccc1	InChI=1S/C7H9N/c1-8-7-5-3-2-4-6-7/h2-6,8H,1H3	AFBPFSWMIHJQDM-UHFFFAOYSA-N	107.15599999999999
Schrodinger_fragment_46	[S-]c1ccccc1	InChI=1S/C6H6S/c7-6-4-2-1-3-5-6/h1-5,7H/p-1	RMVRSNDYEFQCLF-UHFFFAOYSA-M	109.173
Schrodinger_fragment_46_a	Sc1ccccc1	InChI=1S/C6H6S/c7-6-4-2-1-3-5-6/h1-5,7H	RMVRSNDYEFQCLF-UHFFFAOYSA-N	110.181
Schrodinger_fragment_47	N#Cc1ccccc1	InChI=1S/C7H5N/c8-6-7-4-2-1-3-5-7/h1-5H	JFDZBHWFFUWGJE-UHFFFAOYSA-N	103.124
Schrodinger_fragment_48	CC(=O)c1ccccc1	InChI=1S/C8H8O/c1-7(9)8-5-3-2-4-6-8/h2-6H,1H3	KWOLFJPFCHCOCG-UHFFFAOYSA-N	120.15099999999998
Schrodinger_fragment_49	O=C([O-])c1ccccc1	InChI=1S/C7H6O2/c8-7(9)6-4-2-1-3-5-6/h1-5H,(H,8,9)/p-1	WPYMKLBDIGXBTP-UHFFFAOYSA-M	121.11499999999998
Schrodinger_fragment_50	NC(=O)c1ccccc1	InChI=1S/C7H7NO/c8-7(9)6-4-2-1-3-5-6/h1-5H,(H2,8,9)	KXDAEFPNCMNJSK-UHFFFAOYSA-N	121.139
Schrodinger_fragment_50_a	N=C([O-])c1ccccc1	InChI=1S/C7H7NO/c8-7(9)6-4-2-1-3-5-6/h1-5H,(H2,8,9)/p-1	KXDAEFPNCMNJSK-UHFFFAOYSA-M	120.13099999999999
Schrodinger_fragment_51	CS(=O)(=O)c1ccccc1	InChI=1S/C7H8O2S/c1-10(8,9)7-5-3-2-4-6-7/h2-6H,1H3	JCDWETOKTFWTHA-UHFFFAOYSA-N	156.206
Schrodinger_fragment_52	NS(=O)(=O)c1ccccc1	InChI=1S/C6H7NO2S/c7-10(8,9)6-4-2-1-3-5-6/h1-5H,(H2,7,8,9)	KHBQMWCZKVMBLN-UHFFFAOYSA-N	157.19400000000002
Schrodinger_fragment_52_a	[NH-]S(=O)(=O)c1ccccc1	InChI=1S/C6H6NO2S/c7-10(8,9)6-4-2-1-3-5-6/h1-5H,(H-,7,8,9)/q-1	FSWYPKXSWMHLRG-UHFFFAOYSA-N	156.186
Schrodinger_fragment_53	Clc1ccccc1	InChI=1S/C6H5Cl/c7-6-4-2-1-3-5-6/h1-5H	MVPPADPHJFYWMZ-UHFFFAOYSA-N	112.559
Schrodinger_fragment_54	Clc1ccccc1Cl	InChI=1S/C6H4Cl2/c7-5-3-1-2-4-6(5)8/h1-4H	RFFLAFLAYFXFSW-UHFFFAOYSA-N	147.004
Schrodinger_fragment_55	Clc1cccc(Cl)c1	InChI=1S/C6H4Cl2/c7-5-2-1-3-6(8)4-5/h1-4H	ZPQOPVIELGIULI-UHFFFAOYSA-N	147.004
Schrodinger_fragment_56	Clc1ccc(Cl)cc1	InChI=1S/C6H4Cl2/c7-5-1-2-6(8)4-3-5/h1-4H	OCJBOOLMMGQPQU-UHFFFAOYSA-N	147.00400000000002
Schrodinger_fragment_57	Cc1ccccc1	InChI=1S/C7H8/c1-7-5-3-2-4-6-7/h2-6H,1H3	YXFVVABEGXRONW-UHFFFAOYSA-N	92.14099999999999
Schrodinger_fragment_58	Cc1ccccc1C	InChI=1S/C8H10/c1-7-5-3-4-6-8(7)2/h3-6H,1-2H3	CTQNGGLPUBDAKN-UHFFFAOYSA-N	106.16799999999998
Schrodinger_fragment_59	Cc1cccc(C)c1	InChI=1S/C8H10/c1-7-4-3-5-8(2)6-7/h3-6H,1-2H3	IVSZLXZYQVIEFR-UHFFFAOYSA-N	106.16799999999998
Schrodinger_fragment_60	Cc1ccc(C)cc1	InChI=1S/C8H10/c1-7-3-5-8(2)6-4-7/h3-6H,1-2H3	URLKBWYHVLBVBO-UHFFFAOYSA-N	106.16799999999999
Schrodinger_fragment_61	CN1CCOCC1	InChI=1S/C5H11NO/c1-6-2-4-7-5-3-6/h2-5H2,1H3	SJRJJKPEHAURKC-UHFFFAOYSA-N	101.149
Schrodinger_fragment_61_a	C[NH+]1CCOCC1	InChI=1S/C5H11NO/c1-6-2-4-7-5-3-6/h2-5H2,1H3/p+1	SJRJJKPEHAURKC-UHFFFAOYSA-O	102.157
Schrodinger_fragment_62	C1CC[NH2+]CC1	InChI=1S/C5H11N/c1-2-4-6-5-3-1/h6H,1-5H2/p+1	NQRYJNQNLNOLGT-UHFFFAOYSA-O	86.15800000000002
Schrodinger_fragment_63	C[NH+]1CCCCC1	InChI=1S/C6H13N/c1-7-5-3-2-4-6-7/h2-6H2,1H3/p+1	PAMIQIKDUOTOBW-UHFFFAOYSA-O	100.185
Schrodinger_fragment_64	CC(=O)N1CCCCC1	InChI=1S/C7H13NO/c1-7(9)8-5-3-2-4-6-8/h2-6H2,1H3	KDISMIMTGUMORD-UHFFFAOYSA-N	127.187
Schrodinger_fragment_65	CS(=O)(=O)N1CCCCC1	InChI=1S/C6H13NO2S/c1-10(8,9)7-5-3-2-4-6-7/h2-6H2,1H3	JJWOMLRJNXMLSO-UHFFFAOYSA-N	163.242
Schrodinger_fragment_66	C1C[NH2+]CCN1	InChI=1S/C4H10N2/c1-2-6-4-3-5-1/h5-6H,1-4H2/p+1	GLUUGHFHXGJENI-UHFFFAOYSA-O	87.14599999999999
Schrodinger_fragment_66_a	C1C[NH2+]CC[NH2+]1	InChI=1S/C4H10N2/c1-2-6-4-3-5-1/h5-6H,1-4H2/p+2	GLUUGHFHXGJENI-UHFFFAOYSA-P	88.154
Schrodinger_fragment_67	CN1CC[NH2+]CC1	InChI=1S/C5H12N2/c1-7-4-2-6-3-5-7/h6H,2-5H2,1H3/p+1	PVOAHINGSUIXLS-UHFFFAOYSA-O	101.17299999999999
Schrodinger_fragment_67_a	C[NH+]1CCNCC1	InChI=1S/C5H12N2/c1-7-4-2-6-3-5-7/h6H,2-5H2,1H3/p+1	PVOAHINGSUIXLS-UHFFFAOYSA-O	101.17299999999999
Schrodinger_fragment_67_b	CN1CCNCC1	InChI=1S/C5H12N2/c1-7-4-2-6-3-5-7/h6H,2-5H2,1H3	PVOAHINGSUIXLS-UHFFFAOYSA-N	100.16499999999999
Schrodinger_fragment_68	CN1CC[NH+](C)CC1	InChI=1S/C6H14N2/c1-7-3-5-8(2)6-4-7/h3-6H2,1-2H3/p+1	RXYPXQSKLGGKOL-UHFFFAOYSA-O	115.19999999999999
Schrodinger_fragment_68_a	CN1CCN(C)CC1	InChI=1S/C6H14N2/c1-7-3-5-8(2)6-4-7/h3-6H2,1-2H3	RXYPXQSKLGGKOL-UHFFFAOYSA-N	114.192
Schrodinger_fragment_69	CC(=O)N1CC[NH2+]CC1	InChI=1S/C6H12N2O/c1-6(9)8-4-2-7-3-5-8/h7H,2-5H2,1H3/p+1	PKDPUENCROCRCH-UHFFFAOYSA-O	129.183
Schrodinger_fragment_69_a	CC(=O)N1CCNCC1	InChI=1S/C6H12N2O/c1-6(9)8-4-2-7-3-5-8/h7H,2-5H2,1H3	PKDPUENCROCRCH-UHFFFAOYSA-N	128.175
Schrodinger_fragment_70	CC(=O)N1CCN(C)CC1	InChI=1S/C7H14N2O/c1-7(10)9-5-3-8(2)4-6-9/h3-6H2,1-2H3	YSDBJKNOEWSFGA-UHFFFAOYSA-N	142.202
Schrodinger_fragment_70_a	CC(=O)N1CC[NH+](C)CC1	InChI=1S/C7H14N2O/c1-7(10)9-5-3-8(2)4-6-9/h3-6H2,1-2H3/p+1	YSDBJKNOEWSFGA-UHFFFAOYSA-O	143.21
Schrodinger_fragment_71	CS(=O)(=O)N1CCNCC1	InChI=1S/C5H12N2O2S/c1-10(8,9)7-4-2-6-3-5-7/h6H,2-5H2,1H3	ZZAKLGGGMWORRT-UHFFFAOYSA-N	164.23000000000002
Schrodinger_fragment_71_a	CS(=O)(=O)N1CC[NH2+]CC1	InChI=1S/C5H12N2O2S/c1-10(8,9)7-4-2-6-3-5-7/h6H,2-5H2,1H3/p+1	ZZAKLGGGMWORRT-UHFFFAOYSA-O	165.238
Schrodinger_fragment_72	CN1CCN(S(C)(=O)=O)CC1	InChI=1S/C6H14N2O2S/c1-7-3-5-8(6-4-7)11(2,9)10/h3-6H2,1-2H3	YDOGEBDDNZDNJY-UHFFFAOYSA-N	178.257
Schrodinger_fragment_72_a	C[NH+]1CCN(S(C)(=O)=O)CC1	InChI=1S/C6H14N2O2S/c1-7-3-5-8(6-4-7)11(2,9)10/h3-6H2,1-2H3/p+1	YDOGEBDDNZDNJY-UHFFFAOYSA-O	179.26500000000001
Schrodinger_fragment_73	c1ccncc1	InChI=1S/C5H5N/c1-2-4-6-5-3-1/h1-5H	JUJWROOIHBZHMG-UHFFFAOYSA-N	79.10199999999999
Schrodinger_fragment_73_a	c1cc[nH+]cc1	InChI=1S/C5H5N/c1-2-4-6-5-3-1/h1-5H/p+1	JUJWROOIHBZHMG-UHFFFAOYSA-O	80.10999999999999
Schrodinger_fragment_74	c1ccoc1	InChI=1S/C4H4O/c1-2-4-5-3-1/h1-4H	YLQBMQCUIZJEEH-UHFFFAOYSA-N	68.07499999999999
Schrodinger_fragment_75	c1ccsc1	InChI=1S/C4H4S/c1-2-4-5-3-1/h1-4H	YTPLMLYBLZKORZ-UHFFFAOYSA-N	84.14299999999999
Schrodinger_fragment_76	c1c[nH]cn1	InChI=1S/C3H4N2/c1-2-5-3-4-1/h1-3H,(H,4,5)	RAXXELZNTBOGNW-UHFFFAOYSA-N	68.079
Schrodinger_fragment_76_a	c1c[nH+]c[nH]1	InChI=1S/C3H4N2/c1-2-5-3-4-1/h1-3H,(H,4,5)/p+1	RAXXELZNTBOGNW-UHFFFAOYSA-O	69.08699999999999
Schrodinger_fragment_77	Cn1cc[nH+]c1	InChI=1S/C4H6N2/c1-6-3-2-5-4-6/h2-4H,1H3/p+1	MCTWTZJPVLRJOU-UHFFFAOYSA-O	83.11399999999999
Schrodinger_fragment_77_a	Cn1ccnc1	InChI=1S/C4H6N2/c1-6-3-2-5-4-6/h2-4H,1H3	MCTWTZJPVLRJOU-UHFFFAOYSA-N	82.106
Schrodinger_fragment_78	c1ccc2[nH]cnc2c1	InChI=1S/C7H6N2/c1-2-4-7-6(3-1)8-5-9-7/h1-5H,(H,8,9)	HYZJCKYKOHLVJF-UHFFFAOYSA-N	118.13899999999998
Schrodinger_fragment_78_a	c1ccc2[nH+]c[nH]c2c1	InChI=1S/C7H6N2/c1-2-4-7-6(3-1)8-5-9-7/h1-5H,(H,8,9)/p+1	HYZJCKYKOHLVJF-UHFFFAOYSA-O	119.14699999999998
Schrodinger_fragment_79	Cn1cnc2ccccc21	InChI=1S/C8H8N2/c1-10-6-9-7-4-2-3-5-8(7)10/h2-6H,1H3	FGYADSCZTQOAFK-UHFFFAOYSA-N	132.166
Schrodinger_fragment_79_a	Cn1c[nH+]c2ccccc21	InChI=1S/C8H8N2/c1-10-6-9-7-4-2-3-5-8(7)10/h2-6H,1H3/p+1	FGYADSCZTQOAFK-UHFFFAOYSA-O	133.17399999999998
Schrodinger_fragment_80	c1cc[nH]c1	InChI=1S/C4H5N/c1-2-4-5-3-1/h1-5H	KAESVJOAVNADME-UHFFFAOYSA-N	67.091
Schrodinger_fragment_81	Cn1cccc1	InChI=1S/C5H7N/c1-6-4-2-3-5-6/h2-5H,1H3	OXHNLMTVIGZXSG-UHFFFAOYSA-N	81.11799999999998
Schrodinger_fragment_82	c1cscn1	InChI=1S/C3H3NS/c1-2-5-3-4-1/h1-3H	FZWLAAWBMGSTSO-UHFFFAOYSA-N	85.13099999999999
Schrodinger_fragment_83	c1cocn1	InChI=1S/C3H3NO/c1-2-5-3-4-1/h1-3H	ZCQWOFVYLHDMMC-UHFFFAOYSA-N	69.06299999999999
Schrodinger_fragment_84	c1cnoc1	InChI=1S/C3H3NO/c1-2-4-5-3-1/h1-3H	CTAPFRYPJLPFDF-UHFFFAOYSA-N	69.063
Schrodinger_fragment_85	c1cn[nH]c1	InChI=1S/C3H4N2/c1-2-4-5-3-1/h1-3H,(H,4,5)	WTKZEGDFNFYCGP-UHFFFAOYSA-N	68.079
Schrodinger_fragment_86	Cn1cccn1	InChI=1S/C4H6N2/c1-6-4-2-3-5-6/h2-4H,1H3	UQFQONCQIQEYPJ-UHFFFAOYSA-N	82.106
Schrodinger_fragment_87	C1=[NH+]CCN1	InChI=1S/C3H6N2/c1-2-5-3-4-1/h3H,1-2H2,(H,4,5)/p+1	MTNDZQHUAFNZQY-UHFFFAOYSA-O	71.103
Schrodinger_fragment_88	CNC1=[NH+]CCN1	InChI=1S/C4H9N3/c1-5-4-6-2-3-7-4/h2-3H2,1H3,(H2,5,6,7)/p+1	RBFIHIRGOXGJIG-UHFFFAOYSA-O	100.145
Schrodinger_fragment_89	c1cnsn1	InChI=1S/C2H2N2S/c1-2-4-5-3-1/h1-2H	UDGKZGLPXCRRAM-UHFFFAOYSA-N	86.119
Schrodinger_fragment_90	c1nncs1	InChI=1S/C2H2N2S/c1-3-4-2-5-1/h1-2H	MBIZXFATKUQOOA-UHFFFAOYSA-N	86.11899999999999
Schrodinger_fragment_91	c1ncon1	InChI=1S/C2H2N2O/c1-3-2-5-4-1/h1-2H	BBVIDBNAYOIXOE-UHFFFAOYSA-N	70.051
Schrodinger_fragment_92	c1cnon1	InChI=1S/C2H2N2O/c1-2-4-5-3-1/h1-2H	JKFAIQOWCVVSKC-UHFFFAOYSA-N	70.051
Schrodinger_fragment_93	c1ccc2occc2c1	InChI=1S/C8H6O/c1-2-4-8-7(3-1)5-6-9-8/h1-6H	IANQTJSKSUMEQM-UHFFFAOYSA-N	118.13499999999996
Schrodinger_fragment_94	c1ccc2sccc2c1	InChI=1S/C8H6S/c1-2-4-8-7(3-1)5-6-9-8/h1-6H	FCEHBMOGCRZNNI-UHFFFAOYSA-N	134.203
Schrodinger_fragment_95	c1ccc2[nH]ccc2c1	InChI=1S/C8H7N/c1-2-4-8-7(3-1)5-6-9-8/h1-6,9H	SIKJAQJRHWYJAI-UHFFFAOYSA-N	117.15099999999997
Schrodinger_fragment_96	Cn1ccc2ccccc21	InChI=1S/C9H9N/c1-10-7-6-8-4-2-3-5-9(8)10/h2-7H,1H3	BLRHMMGNCXNXJL-UHFFFAOYSA-N	131.17799999999997
Schrodinger_fragment_97	c1cnccn1	InChI=1S/C4H4N2/c1-2-6-4-3-5-1/h1-4H	KYQCOXFCLRTKLS-UHFFFAOYSA-N	80.09
Schrodinger_fragment_98	c1cncnc1	InChI=1S/C4H4N2/c1-2-5-4-6-3-1/h1-4H	CZPWVGJYEJSRLH-UHFFFAOYSA-N	80.08999999999997
Schrodinger_fragment_99	c1ccnnc1	InChI=1S/C4H4N2/c1-2-4-6-5-3-1/h1-4H	PBMFSQRYOILNGV-UHFFFAOYSA-N	80.08999999999997
Schrodinger_fragment_100	c1ncncn1	InChI=1S/C3H3N3/c1-4-2-6-3-5-1/h1-3H	JIHQDMXYYFUGFV-UHFFFAOYSA-N	81.07799999999999
Schrodinger_fragment_101	c1cnncn1	InChI=1S/C3H3N3/c1-2-5-6-3-4-1/h1-3H	FYADHXFMURLYQI-UHFFFAOYSA-N	81.07799999999999
Schrodinger_fragment_102	c1cc2c(s1)CCCC2	InChI=1S/C8H10S/c1-2-4-8-7(3-1)5-6-9-8/h5-6H,1-4H2	CBKDCOKSXCTDAA-UHFFFAOYSA-N	138.23499999999999
Schrodinger_fragment_103	c1cc2c(o1)CCCC2	InChI=1S/C8H10O/c1-2-4-8-7(3-1)5-6-9-8/h5-6H,1-4H2	YCVAGNVTZICLNM-UHFFFAOYSA-N	122.16699999999999
Schrodinger_fragment_104	c1cc2c([nH]1)CCCC2	InChI=1S/C8H11N/c1-2-4-8-7(3-1)5-6-9-8/h5-6,9H,1-4H2	KQBVVLOYXDVATK-UHFFFAOYSA-N	121.18299999999999
Schrodinger_fragment_105	c1ccc2c(c1)CCN2	InChI=1S/C8H9N/c1-2-4-8-7(3-1)5-6-9-8/h1-4,9H,5-6H2	LPAGFVYQRIESJQ-UHFFFAOYSA-N	119.16700000000002
Schrodinger_fragment_106	c1ccc2c(c1)C[NH2+]C2	InChI=1S/C8H9N/c1-2-4-8-6-9-5-7(8)3-1/h1-4,9H,5-6H2/p+1	GWVMLCQWXVFZCN-UHFFFAOYSA-O	120.17500000000003
Schrodinger_fragment_107	c1ccc2scnc2c1	InChI=1S/C7H5NS/c1-2-4-7-6(3-1)8-5-9-7/h1-5H	IOJUPLGTWVMSFF-UHFFFAOYSA-N	135.191
Schrodinger_fragment_108	c1ccc2ocnc2c1	InChI=1S/C7H5NO/c1-2-4-7-6(3-1)8-5-9-7/h1-5H	BCMCBBGGLRIHSE-UHFFFAOYSA-N	119.123
Schrodinger_fragment_109	c1ccc2oncc2c1	InChI=1S/C7H5NO/c1-2-4-7-6(3-1)5-8-9-7/h1-5H	KTZQTRPPVKQPFO-UHFFFAOYSA-N	119.123
Schrodinger_fragment_110	c1cnc2occc2c1	InChI=1S/C7H5NO/c1-2-6-3-5-9-7(6)8-4-1/h1-5H	RCFDIXKVOHJQPP-UHFFFAOYSA-N	119.12299999999996
Schrodinger_fragment_111	c1cnc2cc[nH]c2c1	InChI=1S/C7H6N2/c1-2-6-7(8-4-1)3-5-9-6/h1-5,9H	XWIYUCRMWCHYJR-UHFFFAOYSA-N	118.139
Schrodinger_fragment_111_a	c1c[nH+]c2cc[nH]c2c1	InChI=1S/C7H6N2/c1-2-6-7(8-4-1)3-5-9-6/h1-5,9H/p+1	XWIYUCRMWCHYJR-UHFFFAOYSA-O	119.14699999999999
Schrodinger_fragment_112	Cn1ccc2[nH+]cccc21	InChI=1S/C8H8N2/c1-10-6-4-7-8(10)3-2-5-9-7/h2-6H,1H3/p+1	XEMPOAPXKVLKFN-UHFFFAOYSA-O	133.174
Schrodinger_fragment_112_a	Cn1ccc2ncccc21	InChI=1S/C8H8N2/c1-10-6-4-7-8(10)3-2-5-9-7/h2-6H,1H3	XEMPOAPXKVLKFN-UHFFFAOYSA-N	132.166
Schrodinger_fragment_113	c1cc2cc[nH+]cc2[nH]1	InChI=1S/C7H6N2/c1-3-8-5-7-6(1)2-4-9-7/h1-5,9H/p+1	XLKDJOPOOHHZAN-UHFFFAOYSA-O	119.14699999999998
Schrodinger_fragment_113_a	c1cc2cc[nH]c2cn1	InChI=1S/C7H6N2/c1-3-8-5-7-6(1)2-4-9-7/h1-5,9H	XLKDJOPOOHHZAN-UHFFFAOYSA-N	118.13899999999997
Schrodinger_fragment_114	Cn1ccc2cc[nH+]cc21	InChI=1S/C8H8N2/c1-10-5-3-7-2-4-9-6-8(7)10/h2-6H,1H3/p+1	GGPMDNQTEJJLMQ-UHFFFAOYSA-O	133.17399999999998
Schrodinger_fragment_114_a	Cn1ccc2ccncc21	InChI=1S/C8H8N2/c1-10-5-3-7-2-4-9-6-8(7)10/h2-6H,1H3	GGPMDNQTEJJLMQ-UHFFFAOYSA-N	132.16599999999997
Schrodinger_fragment_115	c1ccn2nccc2c1	InChI=1S/C7H6N2/c1-2-6-9-7(3-1)4-5-8-9/h1-6H	DVUBDHRTVYLIPA-UHFFFAOYSA-N	118.13899999999998
Schrodinger_fragment_116	c1ccc2[nH]ncc2c1	InChI=1S/C7H6N2/c1-2-4-7-6(3-1)5-8-9-7/h1-5H,(H,8,9)	BAXOFTOLAUCFNW-UHFFFAOYSA-N	118.13900000000001
Schrodinger_fragment_116_a	c1ccc2n[nH]cc2c1	InChI=1S/C7H6N2/c1-2-4-7-6(3-1)5-8-9-7/h1-5H,(H,8,9)	BAXOFTOLAUCFNW-UHFFFAOYSA-N	118.13900000000001
Schrodinger_fragment_117	Cn1ncc2ccccc21	InChI=1S/C8H8N2/c1-10-8-5-3-2-4-7(8)6-9-10/h2-6H,1H3	CSUGQXMRKOKBFI-UHFFFAOYSA-N	132.16600000000003
Schrodinger_fragment_118	c1cnc2[nH]ccc2c1	InChI=1S/C7H6N2/c1-2-6-3-5-9-7(6)8-4-1/h1-5H,(H,8,9)	MVXVYAKCVDQRLW-UHFFFAOYSA-N	118.13899999999997
Schrodinger_fragment_119	Cn1ccc2cccnc21	InChI=1S/C8H8N2/c1-10-6-4-7-3-2-5-9-8(7)10/h2-6H,1H3	ZVOCBNCKNQJAFL-UHFFFAOYSA-N	132.16599999999997
Schrodinger_fragment_120	c1cnc2cccn2c1	InChI=1S/C7H6N2/c1-3-7-8-4-2-6-9(7)5-1/h1-6H	JBDKAABFESSFMV-UHFFFAOYSA-N	118.13899999999997
Schrodinger_fragment_121	c1ccn2ccnc2c1	InChI=1S/C7H6N2/c1-2-5-9-6-4-8-7(9)3-1/h1-6H	UTCSSFWDNNEEBH-UHFFFAOYSA-N	118.13899999999998
Schrodinger_fragment_121_a	c1ccn2cc[nH+]c2c1	InChI=1S/C7H6N2/c1-2-5-9-6-4-8-7(9)3-1/h1-6H/p+1	UTCSSFWDNNEEBH-UHFFFAOYSA-O	119.14699999999998
Schrodinger_fragment_122	c1ncc2occc2n1	InChI=1S/C6H4N2O/c1-2-9-6-3-7-4-8-5(1)6/h1-4H	JUQAECQBUNODQP-UHFFFAOYSA-N	120.11099999999998
Schrodinger_fragment_123	c1ncc2ccoc2n1	InChI=1S/C6H4N2O/c1-2-9-6-5(1)3-7-4-8-6/h1-4H	KQGXYVJZOMKLSA-UHFFFAOYSA-N	120.11099999999996
Schrodinger_fragment_124	c1ncc2cc[nH]c2n1	InChI=1S/C6H5N3/c1-2-8-6-5(1)3-7-4-9-6/h1-4H,(H,7,8,9)	JJTNLWSCFYERCK-UHFFFAOYSA-N	119.12699999999997
Schrodinger_fragment_125	Cn1ccc2cncnc21	InChI=1S/C7H7N3/c1-10-3-2-6-4-8-5-9-7(6)10/h2-5H,1H3	XDTQCCMRBSYSAO-UHFFFAOYSA-N	133.15399999999997
Schrodinger_fragment_126	c1ncc2[nH]ccc2n1	InChI=1S/C6H5N3/c1-2-8-6-3-7-4-9-5(1)6/h1-4,8H	KDOPAZIWBAHVJB-UHFFFAOYSA-N	119.12699999999998
Schrodinger_fragment_127	Cn1ccc2ncncc21	InChI=1S/C7H7N3/c1-10-3-2-6-7(10)4-8-5-9-6/h2-5H,1H3	ZUIGBYYSTWLJOU-UHFFFAOYSA-N	133.154
Schrodinger_fragment_128	c1cnc2[nH]ncc2c1	InChI=1S/C6H5N3/c1-2-5-4-8-9-6(5)7-3-1/h1-4H,(H,7,8,9)	GVLRTOYGRNLSDW-UHFFFAOYSA-N	119.12699999999998
Schrodinger_fragment_128_a	c1cnc2n[nH]cc2c1	InChI=1S/C6H5N3/c1-2-5-4-8-9-6(5)7-3-1/h1-4H,(H,7,8,9)	GVLRTOYGRNLSDW-UHFFFAOYSA-N	119.12699999999998
Schrodinger_fragment_129	Cn1ncc2cccnc21	InChI=1S/C7H7N3/c1-10-7-6(5-9-10)3-2-4-8-7/h2-5H,1H3	AZWPZEGGNCFEKN-UHFFFAOYSA-N	133.154
Schrodinger_fragment_130	c1cnc2ccnn2c1	InChI=1S/C6H5N3/c1-3-7-6-2-4-8-9(6)5-1/h1-5H	LDIJKUBTLZTFRG-UHFFFAOYSA-N	119.12699999999998
Schrodinger_fragment_131	c1nc2c[nH+]ccc2[nH]1	InChI=1S/C6H5N3/c1-2-7-3-6-5(1)8-4-9-6/h1-4H,(H,8,9)/p+1	UBOOKRVGOBKDMM-UHFFFAOYSA-O	120.13499999999999
Schrodinger_fragment_131_a	c1nc2cc[nH]cc-2n1	InChI=1S/C6H5N3/c1-2-7-3-6-5(1)8-4-9-6/h1-4,7H	DKMFCUPVMZECFY-UHFFFAOYSA-N	119.127
Schrodinger_fragment_131_b	c1cc2[nH]cnc2cn1	InChI=1S/C6H5N3/c1-2-7-3-6-5(1)8-4-9-6/h1-4H,(H,8,9)	UBOOKRVGOBKDMM-UHFFFAOYSA-N	119.127
Schrodinger_fragment_132	c1cc2nc[nH]c2cn1	InChI=1S/C6H5N3/c1-2-7-3-6-5(1)8-4-9-6/h1-4H,(H,8,9)	UBOOKRVGOBKDMM-UHFFFAOYSA-N	119.12700000000001
Schrodinger_fragment_133	Cn1cnc2cnccc21	InChI=1S/C7H7N3/c1-10-5-9-6-4-8-3-2-7(6)10/h2-5H,1H3	WJEWGMQMZKWXFE-UHFFFAOYSA-N	133.154
Schrodinger_fragment_134	Cn1c[nH+]c2cnccc21	InChI=1S/C7H7N3/c1-10-5-9-6-4-8-3-2-7(6)10/h2-5H,1H3/p+1	WJEWGMQMZKWXFE-UHFFFAOYSA-O	134.162
Schrodinger_fragment_135	Cn1cnc2ccncc21	InChI=1S/C7H7N3/c1-10-5-9-6-2-3-8-4-7(6)10/h2-5H,1H3	GKVVKWNIYISLDO-UHFFFAOYSA-N	133.154
Schrodinger_fragment_136	Cn1c[nH+]c2ccncc21	InChI=1S/C7H7N3/c1-10-5-9-6-2-3-8-4-7(6)10/h2-5H,1H3/p+1	GKVVKWNIYISLDO-UHFFFAOYSA-O	134.162
Schrodinger_fragment_137	c1cnc2nc[nH]c2c1	InChI=1S/C6H5N3/c1-2-5-6(7-3-1)9-4-8-5/h1-4H,(H,7,8,9)	GAMYYCRTACQSBR-UHFFFAOYSA-N	119.12699999999998
Schrodinger_fragment_137_a	c1cnc2[nH]cnc2c1	InChI=1S/C6H5N3/c1-2-5-6(7-3-1)9-4-8-5/h1-4H,(H,7,8,9)	GAMYYCRTACQSBR-UHFFFAOYSA-N	119.12699999999998
Schrodinger_fragment_137_b	c1cnc2nc[n-]c2c1	InChI=1S/C6H4N3/c1-2-5-6(7-3-1)9-4-8-5/h1-4H/q-1	OXWVPCBMMWQKCE-UHFFFAOYSA-N	118.11899999999999
Schrodinger_fragment_138	Cn1cnc2cccnc21	InChI=1S/C7H7N3/c1-10-5-9-6-3-2-4-8-7(6)10/h2-5H,1H3	XAUBEYHIVLSHOG-UHFFFAOYSA-N	133.154
Schrodinger_fragment_139	Cn1c[nH+]c2cccnc21	InChI=1S/C7H7N3/c1-10-5-9-6-3-2-4-8-7(6)10/h2-5H,1H3/p+1	XAUBEYHIVLSHOG-UHFFFAOYSA-O	134.162
Schrodinger_fragment_140	c1ncc2[nH]cnc2n1	InChI=1S/C5H4N4/c1-4-5(8-2-6-1)9-3-7-4/h1-3H,(H,6,7,8,9)	KDCGOANMDULRCW-UHFFFAOYSA-N	120.115
Schrodinger_fragment_140_a	c1ncc2nc[nH]c2n1	InChI=1S/C5H4N4/c1-4-5(8-2-6-1)9-3-7-4/h1-3H,(H,6,7,8,9)	KDCGOANMDULRCW-UHFFFAOYSA-N	120.115
Schrodinger_fragment_140_b	c1ncc2[n-]cnc2n1	InChI=1S/C5H3N4/c1-4-5(8-2-6-1)9-3-7-4/h1-3H/q-1	GQLGYTHYAFYTHK-UHFFFAOYSA-N	119.107
Schrodinger_fragment_141	Cn1cnc2ncncc21	InChI=1S/C6H6N4/c1-10-4-9-6-5(10)2-7-3-8-6/h2-4H,1H3	RRAYVESVMOMOEM-UHFFFAOYSA-N	134.142
Schrodinger_fragment_142	c1ncc2cn[nH]c2n1	InChI=1S/C5H4N4/c1-4-2-8-9-5(4)7-3-6-1/h1-3H,(H,6,7,8,9)	QUKPALAWEPMWOS-UHFFFAOYSA-N	120.11499999999998
Schrodinger_fragment_142_a	c1ncc2c[nH]nc2n1	InChI=1S/C5H4N4/c1-4-2-8-9-5(4)7-3-6-1/h1-3H,(H,6,7,8,9)	QUKPALAWEPMWOS-UHFFFAOYSA-N	120.11499999999998
Schrodinger_fragment_142_b	c1ncc2cn[n-]c2n1	InChI=1S/C5H3N4/c1-4-2-8-9-5(4)7-3-6-1/h1-3H/q-1	KSNFXOXIJQCOKV-UHFFFAOYSA-N	119.10699999999999
Schrodinger_fragment_143	Cn1ncc2cncnc21	InChI=1S/C6H6N4/c1-10-6-5(3-9-10)2-7-4-8-6/h2-4H,1H3	MCLXGVNIBMHMNS-UHFFFAOYSA-N	134.142
Schrodinger_fragment_144	c1ncn2cncc2n1	InChI=1S/C5H4N4/c1-5-8-2-7-4-9(5)3-6-1/h1-4H	VRRRECCAQSEOFH-UHFFFAOYSA-N	120.11499999999998
Schrodinger_fragment_145	Cn1cnc2cncnc21	InChI=1S/C6H6N4/c1-10-4-9-5-2-7-3-8-6(5)10/h2-4H,1H3	VRZWCYZJGUYTKU-UHFFFAOYSA-N	134.142
Schrodinger_fragment_146	c1ncn2nccc2n1	InChI=1S/C5H4N4/c1-2-8-9-4-6-3-7-5(1)9/h1-4H	JUXWUYWPUDKPSD-UHFFFAOYSA-N	120.11499999999998
Schrodinger_fragment_147	c1ncc2n[n-]nc2n1	InChI=1S/C4H2N5/c1-3-4(6-2-5-1)8-9-7-3/h1-2H/q-1	DNEQWBIMAGBPJN-UHFFFAOYSA-N	120.095
Schrodinger_fragment_147_a	c1ncc2n[nH]nc2n1	InChI=1S/C4H3N5/c1-3-4(6-2-5-1)8-9-7-3/h1-2H,(H,5,6,7,8,9)	GIIGHSIIKVOWKZ-UHFFFAOYSA-N	121.103
Schrodinger_fragment_148	Cn1nnc2cncnc21	InChI=1S/C5H5N5/c1-10-5-4(8-9-10)2-6-3-7-5/h2-3H,1H3	RKXXJDMRDUQTLA-UHFFFAOYSA-N	135.13
Schrodinger_fragment_149	c1ccc2ccccc2c1	InChI=1S/C10H8/c1-2-6-10-8-4-3-7-9(10)5-1/h1-8H	UFWIBTONFRDIAS-UHFFFAOYSA-N	128.17399999999995
Schrodinger_fragment_150	c1ccc2ncccc2c1	InChI=1S/C9H7N/c1-2-6-9-8(4-1)5-3-7-10-9/h1-7H	SMWDFEZZVXVKRB-UHFFFAOYSA-N	129.16199999999998
Schrodinger_fragment_151	c1ccc2cnccc2c1	InChI=1S/C9H7N/c1-2-4-9-7-10-6-5-8(9)3-1/h1-7H	AWJUIBRHMBBTKR-UHFFFAOYSA-N	129.162
Schrodinger_fragment_151_a	c1ccc2c[nH+]ccc2c1	InChI=1S/C9H7N/c1-2-4-9-7-10-6-5-8(9)3-1/h1-7H/p+1	AWJUIBRHMBBTKR-UHFFFAOYSA-O	130.17000000000002
Schrodinger_fragment_152	c1ccc2c(c1)CCCN2	InChI=1S/C9H11N/c1-2-6-9-8(4-1)5-3-7-10-9/h1-2,4,6,10H,3,5,7H2	LBUJPTNKIBCYBY-UHFFFAOYSA-N	133.194
Schrodinger_fragment_152_a	c1ccc2c(c1)CCC[NH2+]2	InChI=1S/C9H11N/c1-2-6-9-8(4-1)5-3-7-10-9/h1-2,4,6,10H,3,5,7H2/p+1	LBUJPTNKIBCYBY-UHFFFAOYSA-O	134.20199999999997
Schrodinger_fragment_153	CN1CCCc2ccccc21	InChI=1S/C10H13N/c1-11-8-4-6-9-5-2-3-7-10(9)11/h2-3,5,7H,4,6,8H2,1H3	YVBSECQAHGIWNF-UHFFFAOYSA-N	147.22099999999998
Schrodinger_fragment_153_a	C[N@@H+]1CCCc2ccccc21	InChI=1S/C10H13N/c1-11-8-4-6-9-5-2-3-7-10(9)11/h2-3,5,7H,4,6,8H2,1H3/p+1	YVBSECQAHGIWNF-UHFFFAOYSA-O	148.22899999999998
Schrodinger_fragment_154	c1ccc2c(c1)CCNC2	InChI=1S/C9H11N/c1-2-4-9-7-10-6-5-8(9)3-1/h1-4,10H,5-7H2	UWYZHKAOTLEWKK-UHFFFAOYSA-N	133.19400000000002
Schrodinger_fragment_154_a	c1ccc2c(c1)CC[NH2+]C2	InChI=1S/C9H11N/c1-2-4-9-7-10-6-5-8(9)3-1/h1-4,10H,5-7H2/p+1	UWYZHKAOTLEWKK-UHFFFAOYSA-O	134.202
Schrodinger_fragment_155	c1cnc2c(c1)CCCC2	InChI=1S/C9H11N/c1-2-6-9-8(4-1)5-3-7-10-9/h3,5,7H,1-2,4,6H2	YQDGQEKUTLYWJU-UHFFFAOYSA-N	133.194
Schrodinger_fragment_155_a	c1c[nH+]c2c(c1)CCCC2	InChI=1S/C9H11N/c1-2-6-9-8(4-1)5-3-7-10-9/h3,5,7H,1-2,4,6H2/p+1	YQDGQEKUTLYWJU-UHFFFAOYSA-O	134.202
Schrodinger_fragment_156	c1cc2c(cn1)CCCC2	InChI=1S/C9H11N/c1-2-4-9-7-10-6-5-8(9)3-1/h5-7H,1-4H2	HTMGQIXFZMZZKD-UHFFFAOYSA-N	133.19400000000002
Schrodinger_fragment_156_a	c1cc2c(c[nH+]1)CCCC2	InChI=1S/C9H11N/c1-2-4-9-7-10-6-5-8(9)3-1/h5-7H,1-4H2/p+1	HTMGQIXFZMZZKD-UHFFFAOYSA-O	134.202
Schrodinger_fragment_157	c1ccc2nccnc2c1	InChI=1S/C8H6N2/c1-2-4-8-7(3-1)9-5-6-10-8/h1-6H	XSCHRSMBECNVNS-UHFFFAOYSA-N	130.14999999999998
Schrodinger_fragment_158	c1ccc2ncncc2c1	InChI=1S/C8H6N2/c1-2-4-8-7(3-1)5-9-6-10-8/h1-6H	JWVCLYRUEFBMGU-UHFFFAOYSA-N	130.14999999999998
Schrodinger_fragment_159	c1cnc2ccncc2c1	InChI=1S/C8H6N2/c1-2-7-6-9-5-3-8(7)10-4-1/h1-6H	VSOSXKMEQPYESP-UHFFFAOYSA-N	130.14999999999998
Schrodinger_fragment_160	c1cnc2ncccc2c1	InChI=1S/C8H6N2/c1-3-7-4-2-6-10-8(7)9-5-1/h1-6H	FLBAYUMRQUHISI-UHFFFAOYSA-N	130.14999999999998
Schrodinger_fragment_161	c1ccc2cnncc2c1	InChI=1S/C8H6N2/c1-2-4-8-6-10-9-5-7(8)3-1/h1-6H	LFSXCDWNBUNEEM-UHFFFAOYSA-N	130.14999999999998
Schrodinger_fragment_162	c1cnc2ncncc2c1	InChI=1S/C7H5N3/c1-2-6-4-8-5-10-7(6)9-3-1/h1-5H	UDJFFSGCRRMVFH-UHFFFAOYSA-N	131.138
Schrodinger_fragment_163	c1cc2cncnc2cn1	InChI=1S/C7H5N3/c1-2-8-4-7-6(1)3-9-5-10-7/h1-5H	PAQYIEZTLSDLQO-UHFFFAOYSA-N	131.138
Schrodinger_fragment_164	c1cnc2cncnc2c1	InChI=1S/C7H5N3/c1-2-6-7(9-3-1)4-8-5-10-6/h1-5H	BWESROVQGZSBRX-UHFFFAOYSA-N	131.13799999999998
Schrodinger_fragment_165	c1cnc2ncncc2n1	InChI=1S/C6H4N4/c1-2-9-6-5(8-1)3-7-4-10-6/h1-4H	CPNGPNLZQNNVQM-UHFFFAOYSA-N	132.12599999999998
Schrodinger_fragment_166	CC(N)=[NH2+]	InChI=1S/C2H6N2/c1-2(3)4/h1H3,(H3,3,4)/p+1	OQLZINXFSUDMHM-UHFFFAOYSA-O	59.09199999999999
Schrodinger_fragment_167	CNC(N)=[NH2+]	InChI=1S/C2H7N3/c1-5-2(3)4/h1H3,(H4,3,4,5)/p+1	CHJJGSNFBQVOTG-UHFFFAOYSA-O	74.10700000000001
Schrodinger_fragment_168	COC(C)=O	InChI=1S/C3H6O2/c1-3(4)5-2/h1-2H3	KXKVLQRXCPHEJC-UHFFFAOYSA-N	74.07900000000001
Schrodinger_fragment_169	NC(=[NH2+])c1ccccc1	InChI=1S/C7H8N2/c8-7(9)6-4-2-1-3-5-6/h1-5H,(H3,8,9)/p+1	PXXJHWLDUBFPOL-UHFFFAOYSA-O	121.16300000000001
Schrodinger_fragment_170	COC(=O)c1ccccc1	InChI=1S/C8H8O2/c1-10-8(9)7-5-3-2-4-6-7/h2-6H,1H3	QPJVMBTYPHYUOC-UHFFFAOYSA-N	136.14999999999998
Schrodinger_fragment_171	[NH3+]CC(=O)[O-]	InChI=1S/C2H5NO2/c3-1-2(4)5/h1,3H2,(H,4,5)	DHMQDGOQFOQNFH-UHFFFAOYSA-N	75.067
Schrodinger_fragment_171_a	NCC(=O)[O-]	InChI=1S/C2H5NO2/c3-1-2(4)5/h1,3H2,(H,4,5)/p-1	DHMQDGOQFOQNFH-UHFFFAOYSA-M	74.059
Schrodinger_fragment_172	C[NH2+]CC(=O)[O-]	InChI=1S/C3H7NO2/c1-4-2-3(5)6/h4H,2H2,1H3,(H,5,6)	FSYKKLYZXJSNPZ-UHFFFAOYSA-N	89.09400000000001
Schrodinger_fragment_172_a	CNCC(=O)[O-]	InChI=1S/C3H7NO2/c1-4-2-3(5)6/h4H,2H2,1H3,(H,5,6)/p-1	FSYKKLYZXJSNPZ-UHFFFAOYSA-M	88.086
Schrodinger_fragment_173	O=c1ccc1=O	InChI=1S/C4H2O2/c5-3-1-2-4(3)6/h1-2H	RGBVWCQARBEPPW-UHFFFAOYSA-N	82.05799999999999
Schrodinger_fragment_174	C1C[NH2+]C1	InChI=1S/C3H7N/c1-2-4-3-1/h4H,1-3H2/p+1	HONIICLYMWZJFZ-UHFFFAOYSA-O	58.10399999999999
Schrodinger_fragment_175	O=C1CCCC1	InChI=1S/C5H8O/c6-5-3-1-2-4-5/h1-4H2	BGTOWKSIORTVQH-UHFFFAOYSA-N	84.118
Schrodinger_fragment_176	C1CCOC1	InChI=1S/C4H8O/c1-2-4-5-3-1/h1-4H2	WYURNTSHIVDZCO-UHFFFAOYSA-N	72.107
Schrodinger_fragment_177	O=C1C=CCO1	InChI=1S/C4H4O2/c5-4-2-1-3-6-4/h1-2H,3H2	VIHAEDVKXSOUAT-UHFFFAOYSA-N	84.07399999999998
Schrodinger_fragment_178	C1CC[NH2+]C1	InChI=1S/C4H9N/c1-2-4-5-3-1/h5H,1-4H2/p+1	RWRDLPDLKQPQOW-UHFFFAOYSA-O	72.131
Schrodinger_fragment_179	O=C1C=CCN1	InChI=1S/C4H5NO/c6-4-2-1-3-5-4/h1-2H,3H2,(H,5,6)	CDCHBOQVXIGZHA-UHFFFAOYSA-N	83.08999999999999
Schrodinger_fragment_179_a	[O-]C1=NCC=C1	InChI=1S/C4H5NO/c6-4-2-1-3-5-4/h1-2H,3H2,(H,5,6)/p-1	CDCHBOQVXIGZHA-UHFFFAOYSA-M	82.08199999999998
Schrodinger_fragment_180	O=C1NCCO1	InChI=1S/C3H5NO2/c5-3-4-1-2-6-3/h1-2H2,(H,4,5)	IZXIZTKNFFYFOF-UHFFFAOYSA-N	87.07799999999999
Schrodinger_fragment_180_a	[O-]C1=NCCO1	InChI=1S/C3H5NO2/c5-3-4-1-2-6-3/h1-2H2,(H,4,5)/p-1	IZXIZTKNFFYFOF-UHFFFAOYSA-M	86.06999999999998
Schrodinger_fragment_181	O=C1CSC(=O)N1	InChI=1S/C3H3NO2S/c5-2-1-7-3(6)4-2/h1H2,(H,4,5,6)	ZOBPZXTWZATXDG-UHFFFAOYSA-N	117.12899999999999
Schrodinger_fragment_181_a	O=C1CSC(=O)[N-]1	InChI=1S/C3H3NO2S/c5-2-1-7-3(6)4-2/h1H2,(H,4,5,6)/p-1	ZOBPZXTWZATXDG-UHFFFAOYSA-M	116.121
Schrodinger_fragment_182	O=C1NCCN1	InChI=1S/C3H6N2O/c6-3-4-1-2-5-3/h1-2H2,(H2,4,5,6)	YAMHXTCMCPHKLN-UHFFFAOYSA-N	86.094
Schrodinger_fragment_183	C[NH+]1CCCC1	InChI=1S/C5H11N/c1-6-4-2-3-5-6/h2-5H2,1H3/p+1	AVFZOVWCLRSYKC-UHFFFAOYSA-O	86.158
Schrodinger_fragment_184	CN1CC=CC1=O	InChI=1S/C5H7NO/c1-6-4-2-3-5(6)7/h2-3H,4H2,1H3	VHGGRTWHRJRQKU-UHFFFAOYSA-N	97.11699999999998
Schrodinger_fragment_185	CN1CCOC1=O	InChI=1S/C4H7NO2/c1-5-2-3-7-4(5)6/h2-3H2,1H3	VWIIJDNADIEEDB-UHFFFAOYSA-N	101.10499999999998
Schrodinger_fragment_186	CN1C(=O)CSC1=O	InChI=1S/C4H5NO2S/c1-5-3(6)2-8-4(5)7/h2H2,1H3	HMLWNNMYODLLJO-UHFFFAOYSA-N	131.156
Schrodinger_fragment_187	CN1CCNC1=O	InChI=1S/C4H8N2O/c1-6-3-2-5-4(6)7/h2-3H2,1H3,(H,5,7)	JTPZTKBRUCILQD-UHFFFAOYSA-N	100.121
Schrodinger_fragment_188	CN1CCN(C)C1=O	InChI=1S/C5H10N2O/c1-6-3-4-7(2)5(6)8/h3-4H2,1-2H3	CYSGHNMQYZDMIA-UHFFFAOYSA-N	114.14799999999998
Schrodinger_fragment_189	O=C1CNC(=O)N1	InChI=1S/C3H4N2O2/c6-2-1-4-3(7)5-2/h1H2,(H2,4,5,6,7)	WJRBRSLFGCUECM-UHFFFAOYSA-N	100.07699999999998
Schrodinger_fragment_189_a	O=C1CN=C([O-])N1	InChI=1S/C3H4N2O2/c6-2-1-4-3(7)5-2/h1H2,(H2,4,5,6,7)/p-1	WJRBRSLFGCUECM-UHFFFAOYSA-M	99.06899999999999
Schrodinger_fragment_189_b	O=C1CNC(=O)[N-]1	InChI=1S/C3H4N2O2/c6-2-1-4-3(7)5-2/h1H2,(H2,4,5,6,7)/p-1	WJRBRSLFGCUECM-UHFFFAOYSA-M	99.06899999999999
Schrodinger_fragment_190	CN1C(=O)CNC1=O	InChI=1S/C4H6N2O2/c1-6-3(7)2-5-4(6)8/h2H2,1H3,(H,5,8)	MZQQHYDUINOMDG-UHFFFAOYSA-N	114.10399999999998
Schrodinger_fragment_190_a	CN1C(=O)CN=C1[O-]	InChI=1S/C4H6N2O2/c1-6-3(7)2-5-4(6)8/h2H2,1H3,(H,5,8)/p-1	MZQQHYDUINOMDG-UHFFFAOYSA-M	113.09599999999999
Schrodinger_fragment_191	CN1CC(=O)N(C)C1=O	InChI=1S/C5H8N2O2/c1-6-3-4(8)7(2)5(6)9/h3H2,1-2H3	RFTORHYUCZJHDO-UHFFFAOYSA-N	128.13099999999997
Schrodinger_fragment_192	CN1CC(=O)NC1=O	InChI=1S/C4H6N2O2/c1-6-2-3(7)5-4(6)8/h2H2,1H3,(H,5,7,8)	RHYBFKMFHLPQPH-UHFFFAOYSA-N	114.10399999999998
Schrodinger_fragment_192_a	CN1CC(=O)[N-]C1=O	InChI=1S/C4H6N2O2/c1-6-2-3(7)5-4(6)8/h2H2,1H3,(H,5,7,8)/p-1	RHYBFKMFHLPQPH-UHFFFAOYSA-M	113.09599999999999
Schrodinger_fragment_193	C1CCOCC1	InChI=1S/C5H10O/c1-2-4-6-5-3-1/h1-5H2	DHXVGJBLRPWPCS-UHFFFAOYSA-N	86.134
Schrodinger_fragment_194	C1COCCO1	InChI=1S/C4H8O2/c1-2-6-4-3-5-1/h1-4H2	RYHBNJHYFVUHQT-UHFFFAOYSA-N	88.106
Schrodinger_fragment_195	O=c1cccco1	InChI=1S/C5H4O2/c6-5-3-1-2-4-7-5/h1-4H	ZPSJGADGUYYRKE-UHFFFAOYSA-N	96.08499999999998
Schrodinger_fragment_196	C1=C[NH+]=CCC1	InChI=1S/C5H7N/c1-2-4-6-5-3-1/h2,4-5H,1,3H2/p+1	RDOAUPPSCNSYPM-UHFFFAOYSA-O	82.126
Schrodinger_fragment_197	O=c1cccc[nH]1	InChI=1S/C5H5NO/c7-5-3-1-2-4-6-5/h1-4H,(H,6,7)	UBQKCCHYAOITMY-UHFFFAOYSA-N	95.10099999999998
Schrodinger_fragment_197_a	[O-]c1ccccn1	InChI=1S/C5H5NO/c7-5-3-1-2-4-6-5/h1-4H,(H,6,7)/p-1	UBQKCCHYAOITMY-UHFFFAOYSA-M	94.09299999999999
Schrodinger_fragment_198	C[N+]1=CCCC=C1	InChI=1S/C6H10N/c1-7-5-3-2-4-6-7/h3,5-6H,2,4H2,1H3/q+1	GHQJTSABDCFHKZ-UHFFFAOYSA-N	96.15299999999999
Schrodinger_fragment_199	Cn1ccccc1=O	InChI=1S/C6H7NO/c1-7-5-3-2-4-6(7)8/h2-5H,1H3	DVVGIUUJYPYENY-UHFFFAOYSA-N	109.12799999999999
Schrodinger_fragment_200	O=c1cc[nH]cc1	InChI=1S/C5H5NO/c7-5-1-3-6-4-2-5/h1-4H,(H,6,7)	GCNTZFIIOFTKIY-UHFFFAOYSA-N	95.10099999999998
Schrodinger_fragment_200_a	[O-]c1ccncc1	InChI=1S/C5H5NO/c7-5-1-3-6-4-2-5/h1-4H,(H,6,7)/p-1	GCNTZFIIOFTKIY-UHFFFAOYSA-M	94.09299999999999
Schrodinger_fragment_201	Cn1ccc(=O)cc1	InChI=1S/C6H7NO/c1-7-4-2-6(8)3-5-7/h2-5H,1H3	OYPBUQASUUMJKG-UHFFFAOYSA-N	109.12799999999999
Schrodinger_fragment_202	O=C1CCCCN1	InChI=1S/C5H9NO/c7-5-3-1-2-4-6-5/h1-4H2,(H,6,7)	XUWHAWMETYGRKB-UHFFFAOYSA-N	99.133
Schrodinger_fragment_203	CN1CCCCC1=O	InChI=1S/C6H11NO/c1-7-5-3-2-4-6(7)8/h2-5H2,1H3	GGYVTHJIUNGKFZ-UHFFFAOYSA-N	113.16
Schrodinger_fragment_204	O=C1CCCC(=O)N1	InChI=1S/C5H7NO2/c7-4-2-1-3-5(8)6-4/h1-3H2,(H,6,7,8)	KNCYXPMJDCCGSJ-UHFFFAOYSA-N	113.11599999999999
Schrodinger_fragment_205	CN1C(=O)CCCC1=O	InChI=1S/C6H9NO2/c1-7-5(8)3-2-4-6(7)9/h2-4H2,1H3	VUYOLIKWIVQHBC-UHFFFAOYSA-N	127.14299999999999
Schrodinger_fragment_206	O=c1ccnc[nH]1	InChI=1S/C4H4N2O/c7-4-1-2-5-3-6-4/h1-3H,(H,5,6,7)	DNCYBUMDUBHIJZ-UHFFFAOYSA-N	96.08899999999998
Schrodinger_fragment_206_a	O=c1cc[nH]cn1	InChI=1S/C4H4N2O/c7-4-1-2-5-3-6-4/h1-3H,(H,5,6,7)	DNCYBUMDUBHIJZ-UHFFFAOYSA-N	96.089
Schrodinger_fragment_206_b	[O-]c1ccncn1	InChI=1S/C4H4N2O/c7-4-1-2-5-3-6-4/h1-3H,(H,5,6,7)/p-1	DNCYBUMDUBHIJZ-UHFFFAOYSA-M	95.08099999999999
Schrodinger_fragment_207	Cn1cnccc1=O	InChI=1S/C5H6N2O/c1-7-4-6-3-2-5(7)8/h2-4H,1H3	PSXLJUKMMIHADB-UHFFFAOYSA-N	110.11599999999999
Schrodinger_fragment_208	O=c1nccc[nH]1	InChI=1S/C4H4N2O/c7-4-5-2-1-3-6-4/h1-3H,(H,5,6,7)	VTGOHKSTWXHQJK-UHFFFAOYSA-N	96.08899999999998
Schrodinger_fragment_208_a	[O-]c1ncccn1	InChI=1S/C4H4N2O/c7-4-5-2-1-3-6-4/h1-3H,(H,5,6,7)/p-1	VTGOHKSTWXHQJK-UHFFFAOYSA-M	95.08099999999999
Schrodinger_fragment_209	Cn1cccnc1=O	InChI=1S/C5H6N2O/c1-7-4-2-3-6-5(7)8/h2-4H,1H3	LQKMCBPMBNUKSU-UHFFFAOYSA-N	110.11599999999999
Schrodinger_fragment_210	O=C1NCCCN1	InChI=1S/C4H8N2O/c7-4-5-2-1-3-6-4/h1-3H2,(H2,5,6,7)	NQPJDJVGBDHCAD-UHFFFAOYSA-N	100.121
Schrodinger_fragment_211	CN1CCCNC1=O	InChI=1S/C5H10N2O/c1-7-4-2-3-6-5(7)8/h2-4H2,1H3,(H,6,8)	COYPZADTXISTSJ-UHFFFAOYSA-N	114.148
Schrodinger_fragment_212	CN1CCCN(C)C1=O	InChI=1S/C6H12N2O/c1-7-4-3-5-8(2)6(7)9/h3-5H2,1-2H3	GUVUOGQBMYCBQP-UHFFFAOYSA-N	128.17499999999998
Schrodinger_fragment_213	O=c1cc[nH]c(=O)[nH]1	InChI=1S/C4H4N2O2/c7-3-1-2-5-4(8)6-3/h1-2H,(H2,5,6,7,8)	ISAKRJDGNUQOIC-UHFFFAOYSA-N	112.088
Schrodinger_fragment_213_a	O=c1cc[nH]c(=O)[n-]1	InChI=1S/C4H4N2O2/c7-3-1-2-5-4(8)6-3/h1-2H,(H2,5,6,7,8)/p-1	ISAKRJDGNUQOIC-UHFFFAOYSA-M	111.07999999999998
Schrodinger_fragment_213_b	O=c1ccnc([O-])[nH]1	InChI=1S/C4H4N2O2/c7-3-1-2-5-4(8)6-3/h1-2H,(H2,5,6,7,8)/p-1	ISAKRJDGNUQOIC-UHFFFAOYSA-M	111.07999999999998
Schrodinger_fragment_214	Cn1c(=O)cc[nH]c1=O	InChI=1S/C5H6N2O2/c1-7-4(8)2-3-6-5(7)9/h2-3H,1H3,(H,6,9)	VPLZGVOSFFCKFC-UHFFFAOYSA-N	126.11499999999998
Schrodinger_fragment_214_a	Cn1c([O-])nccc1=O	InChI=1S/C5H6N2O2/c1-7-4(8)2-3-6-5(7)9/h2-3H,1H3,(H,6,9)/p-1	VPLZGVOSFFCKFC-UHFFFAOYSA-M	125.10699999999999
Schrodinger_fragment_215	Cn1ccc(=O)n(C)c1=O	InChI=1S/C6H8N2O2/c1-7-4-3-5(9)8(2)6(7)10/h3-4H,1-2H3	JSDBKAHWADVXFU-UHFFFAOYSA-N	140.142
Schrodinger_fragment_216	Cn1ccc(=O)[nH]c1=O	InChI=1S/C5H6N2O2/c1-7-3-2-4(8)6-5(7)9/h2-3H,1H3,(H,6,8,9)	XBCXJKGHPABGSD-UHFFFAOYSA-N	126.11499999999998
Schrodinger_fragment_216_a	Cn1ccc(=O)[n-]c1=O	InChI=1S/C5H6N2O2/c1-7-3-2-4(8)6-5(7)9/h2-3H,1H3,(H,6,8,9)/p-1	XBCXJKGHPABGSD-UHFFFAOYSA-M	125.10699999999999
Schrodinger_fragment_217	O=C1CNC(=O)CN1	InChI=1S/C4H6N2O2/c7-3-1-5-4(8)2-6-3/h1-2H2,(H,5,8)(H,6,7)	BXRNXXXXHLBUKK-UHFFFAOYSA-N	114.10399999999998
Schrodinger_fragment_218	CN1CC(=O)NCC1=O	InChI=1S/C5H8N2O2/c1-7-3-4(8)6-2-5(7)9/h2-3H2,1H3,(H,6,8)	GYNOMCDGHQHGHJ-UHFFFAOYSA-N	128.13099999999997
Schrodinger_fragment_219	CN1CC(=O)N(C)CC1=O	InChI=1S/C6H10N2O2/c1-7-3-6(10)8(2)4-5(7)9/h3-4H2,1-2H3	PKDGRAULLDDTRN-UHFFFAOYSA-N	142.158
Schrodinger_fragment_220	O=c1[nH]cc[nH]c1=O	InChI=1S/C4H4N2O2/c7-3-4(8)6-2-1-5-3/h1-2H,(H,5,7)(H,6,8)	CIGLZLCKRXOFQU-UHFFFAOYSA-N	112.088
Schrodinger_fragment_220_a	O=c1[nH]ccnc1[O-]	InChI=1S/C4H4N2O2/c7-3-4(8)6-2-1-5-3/h1-2H,(H,5,7)(H,6,8)/p-1	CIGLZLCKRXOFQU-UHFFFAOYSA-M	111.07999999999998
Schrodinger_fragment_221	Cn1cc[nH]c(=O)c1=O	InChI=1S/C5H6N2O2/c1-7-3-2-6-4(8)5(7)9/h2-3H,1H3,(H,6,8)	DRAOJHYAARPEKO-UHFFFAOYSA-N	126.115
Schrodinger_fragment_221_a	Cn1ccnc([O-])c1=O	InChI=1S/C5H6N2O2/c1-7-3-2-6-4(8)5(7)9/h2-3H,1H3,(H,6,8)/p-1	DRAOJHYAARPEKO-UHFFFAOYSA-M	125.10699999999999
Schrodinger_fragment_222	Cn1ccn(C)c(=O)c1=O	InChI=1S/C6H8N2O2/c1-7-3-4-8(2)6(10)5(7)9/h3-4H,1-2H3	QYULNQDGTRMTBL-UHFFFAOYSA-N	140.142
Schrodinger_fragment_223	O=C1CC(=O)NCN1	InChI=1S/C4H6N2O2/c7-3-1-4(8)6-2-5-3/h1-2H2,(H,5,7)(H,6,8)	NDIYBOBXJSFBHO-UHFFFAOYSA-N	114.10399999999998
Schrodinger_fragment_223_a	O=C1CC([O-])=NCN1	InChI=1S/C4H6N2O2/c7-3-1-4(8)6-2-5-3/h1-2H2,(H,5,7)(H,6,8)/p-1	NDIYBOBXJSFBHO-UHFFFAOYSA-M	113.09599999999999
Schrodinger_fragment_224	CN1CNC(=O)CC1=O	InChI=1S/C5H8N2O2/c1-7-3-6-4(8)2-5(7)9/h2-3H2,1H3,(H,6,8)	UIXSTHAHNIDRFI-UHFFFAOYSA-N	128.13099999999997
Schrodinger_fragment_224_a	CN1CN=C([O-])CC1=O	InChI=1S/C5H8N2O2/c1-7-3-6-4(8)2-5(7)9/h2-3H2,1H3,(H,6,8)/p-1	UIXSTHAHNIDRFI-UHFFFAOYSA-M	127.12299999999998
Schrodinger_fragment_225	CN1CN(C)C(=O)CC1=O	InChI=1S/C6H10N2O2/c1-7-4-8(2)6(10)3-5(7)9/h3-4H2,1-2H3	NHDVPBPMVYVGGW-UHFFFAOYSA-N	142.158
Schrodinger_fragment_226	O=c1cc([O-])[nH]c(=O)[n-]1	InChI=1S/C4H4N2O3/c7-2-1-3(8)6-4(9)5-2/h1H,(H3,5,6,7,8,9)/p-2	GWEJPUMJAQFCBN-UHFFFAOYSA-L	126.07099999999997
Schrodinger_fragment_226_a	O=c1cc([O-])[nH]c(=O)[nH]1	InChI=1S/C4H4N2O3/c7-2-1-3(8)6-4(9)5-2/h1H,(H3,5,6,7,8,9)/p-1	GWEJPUMJAQFCBN-UHFFFAOYSA-M	127.07899999999998
Schrodinger_fragment_227	Cn1c([O-])cc(=O)[nH]c1=O	InChI=1S/C5H6N2O3/c1-7-4(9)2-3(8)6-5(7)10/h2,9H,1H3,(H,6,8,10)/p-1	HUMSUAIRAJXARC-UHFFFAOYSA-M	141.10599999999997
Schrodinger_fragment_227_a	CN1C(=O)CC(=O)NC1=O	InChI=1S/C5H6N2O3/c1-7-4(9)2-3(8)6-5(7)10/h2H2,1H3,(H,6,8,10)	DCGGMHIZEAHUJL-UHFFFAOYSA-N	142.11399999999998
Schrodinger_fragment_227_b	CN1C(=O)CC(=O)[N-]C1=O	InChI=1S/C5H6N2O3/c1-7-4(9)2-3(8)6-5(7)10/h2H2,1H3,(H,6,8,10)/p-1	DCGGMHIZEAHUJL-UHFFFAOYSA-M	141.106
Schrodinger_fragment_228	Cn1c([O-])cc(=O)n(C)c1=O	InChI=1S/C6H8N2O3/c1-7-4(9)3-5(10)8(2)6(7)11/h3,9H,1-2H3/p-1	VNZLHJYVIBXTIT-UHFFFAOYSA-M	155.13299999999998
Schrodinger_fragment_228_a	CN1C(=O)CC(=O)N(C)C1=O	InChI=1S/C6H8N2O3/c1-7-4(9)3-5(10)8(2)6(7)11/h3H2,1-2H3	VVSASNKOFCZVES-UHFFFAOYSA-N	156.141
Schrodinger_fragment_229	C1CCC[NH2+]CC1	InChI=1S/C6H13N/c1-2-4-6-7-5-3-1/h7H,1-6H2/p+1	ZSIQJIWKELUFRJ-UHFFFAOYSA-O	100.18500000000002
Schrodinger_fragment_230	C[NH+]1CCCCCC1	InChI=1S/C7H15N/c1-8-6-4-2-3-5-7-8/h2-7H2,1H3/p+1	ZKUKXSWKWGHYKJ-UHFFFAOYSA-O	114.212
Schrodinger_fragment_231	O=C1CCCCCN1	InChI=1S/C6H11NO/c8-6-4-2-1-3-5-7-6/h1-5H2,(H,7,8)	JBKVHLHDHHXQEQ-UHFFFAOYSA-N	113.16
Schrodinger_fragment_232	CN1CCCCCC1=O	InChI=1S/C7H13NO/c1-8-6-4-2-3-5-7(8)9/h2-6H2,1H3	ZWXPDGCFMMFNRW-UHFFFAOYSA-N	127.187
Schrodinger_fragment_233	O=C1C[C@H]2SCCN12	InChI=1S/C5H7NOS/c7-4-3-5-6(4)1-2-8-5/h5H,1-3H2/t5-/m1/s1	WSHJJCPTKWSMRR-RXMQYKEDSA-N	129.184
Schrodinger_fragment_234	O=C1C[C@@H]2SCCN12	InChI=1S/C5H7NOS/c7-4-3-5-6(4)1-2-8-5/h5H,1-3H2/t5-/m0/s1	WSHJJCPTKWSMRR-YFKPBYRVSA-N	129.184
Schrodinger_fragment_235	O=C1C[C@H]2SC=CN12	InChI=1S/C5H5NOS/c7-4-3-5-6(4)1-2-8-5/h1-2,5H,3H2/t5-/m1/s1	HHXMXAQDOUCLDN-RXMQYKEDSA-N	127.16799999999998
Schrodinger_fragment_236	O=C1C[C@@H]2SC=CN12	InChI=1S/C5H5NOS/c7-4-3-5-6(4)1-2-8-5/h1-2,5H,3H2/t5-/m0/s1	HHXMXAQDOUCLDN-YFKPBYRVSA-N	127.16799999999998
Schrodinger_fragment_237	O=C1C[C@H]2SCC=CN12	InChI=1S/C6H7NOS/c8-5-4-6-7(5)2-1-3-9-6/h1-2,6H,3-4H2/t6-/m1/s1	FZEVMBJWXHDLDB-ZCFIWIBFSA-N	141.195
Schrodinger_fragment_238	O=C1C[C@@H]2SCC=CN12	InChI=1S/C6H7NOS/c8-5-4-6-7(5)2-1-3-9-6/h1-2,6H,3-4H2/t6-/m0/s1	FZEVMBJWXHDLDB-LURJTMIESA-N	141.195
Schrodinger_fragment_239	O=C1C[C@@H]2N1C=CCS2(=O)=O	InChI=1S/C6H7NO3S/c8-5-4-6-7(5)2-1-3-11(6,9)10/h1-2,6H,3-4H2/t6-/m1/s1	HYZBHRXROVBAKQ-ZCFIWIBFSA-N	173.19299999999998
Schrodinger_fragment_240	O=C1C[C@H]2N1C=CCS2(=O)=O	InChI=1S/C6H7NO3S/c8-5-4-6-7(5)2-1-3-11(6,9)10/h1-2,6H,3-4H2/t6-/m0/s1	HYZBHRXROVBAKQ-LURJTMIESA-N	173.19299999999998
Schrodinger_fragment_241	O=C1C[C@H]2[NH2+]CC[C@@H]2N1	InChI=1S/C6H10N2O/c9-6-3-5-4(8-6)1-2-7-5/h4-5,7H,1-3H2,(H,8,9)/p+1/t4-,5+/m0/s1	DSILUGCORMLHPA-CRCLSJGQSA-O	127.167
Schrodinger_fragment_242	CN1C(=O)C[C@H]2[NH2+]CC[C@@H]21	InChI=1S/C7H12N2O/c1-9-6-2-3-8-5(6)4-7(9)10/h5-6,8H,2-4H2,1H3/p+1/t5-,6+/m1/s1	CUUYVAGWSOWHPZ-RITPCOANSA-O	141.194
Schrodinger_fragment_243	CN1C(=O)C[C@@H]2[C@@H]1CC[N@@H+]2C	InChI=1S/C8H14N2O/c1-9-4-3-6-7(9)5-8(11)10(6)2/h6-7H,3-5H2,1-2H3/p+1/t6-,7+/m0/s1	QHKFDHCUVWBEDI-NKWVEPMBSA-O	155.221
Schrodinger_fragment_244	CN1C(=O)C[C@@H]2[C@@H]1CC[N@H+]2C	InChI=1S/C8H14N2O/c1-9-4-3-6-7(9)5-8(11)10(6)2/h6-7H,3-5H2,1-2H3/p+1/t6-,7+/m0/s1	QHKFDHCUVWBEDI-NKWVEPMBSA-O	155.221
Schrodinger_fragment_245	C[N@H+]1CC[C@@H]2NC(=O)C[C@H]21	InChI=1S/C7H12N2O/c1-9-3-2-5-6(9)4-7(10)8-5/h5-6H,2-4H2,1H3,(H,8,10)/p+1/t5-,6+/m0/s1	KQDRLPMCRDQIMS-NTSWFWBYSA-O	141.194
Schrodinger_fragment_246	C[N@@H+]1CC[C@@H]2NC(=O)C[C@H]21	InChI=1S/C7H12N2O/c1-9-3-2-5-6(9)4-7(10)8-5/h5-6H,2-4H2,1H3,(H,8,10)/p+1/t5-,6+/m0/s1	KQDRLPMCRDQIMS-NTSWFWBYSA-O	141.194
Schrodinger_fragment_247	O=C1NCC[C@@]12CCC[NH2+]2	InChI=1S/C7H12N2O/c10-6-7(3-5-8-6)2-1-4-9-7/h9H,1-5H2,(H,8,10)/p+1/t7-/m0/s1	KSQRQLBTULNMJS-ZETCQYMHSA-O	141.194
Schrodinger_fragment_247_a	[O-]C1=NCC[C@@]12CCC[NH2+]2	InChI=1S/C7H12N2O/c10-6-7(3-5-8-6)2-1-4-9-7/h9H,1-5H2,(H,8,10)/t7-/m0/s1	KSQRQLBTULNMJS-ZETCQYMHSA-N	140.18599999999998
Schrodinger_fragment_248	C[N@H+]1CCC[C@@]12CCNC2=O	InChI=1S/C8H14N2O/c1-10-6-2-3-8(10)4-5-9-7(8)11/h2-6H2,1H3,(H,9,11)/p+1/t8-/m0/s1	SZPVVHGAXYSIOO-QMMMGPOBSA-O	155.221
Schrodinger_fragment_248_a	C[N@H+]1CCC[C@@]12CCN=C2[O-]	InChI=1S/C8H14N2O/c1-10-6-2-3-8(10)4-5-9-7(8)11/h2-6H2,1H3,(H,9,11)/t8-/m0/s1	SZPVVHGAXYSIOO-QMMMGPOBSA-N	154.21300000000002
Schrodinger_fragment_249	C[N@@H+]1CCC[C@@]12CCNC2=O	InChI=1S/C8H14N2O/c1-10-6-2-3-8(10)4-5-9-7(8)11/h2-6H2,1H3,(H,9,11)/p+1/t8-/m0/s1	SZPVVHGAXYSIOO-QMMMGPOBSA-O	155.221
Schrodinger_fragment_249_a	C[N@@H+]1CCC[C@@]12CCN=C2[O-]	InChI=1S/C8H14N2O/c1-10-6-2-3-8(10)4-5-9-7(8)11/h2-6H2,1H3,(H,9,11)/t8-/m0/s1	SZPVVHGAXYSIOO-QMMMGPOBSA-N	154.21300000000002
Schrodinger_fragment_250	CN1CC[C@@]2(CCC[N@@H+]2C)C1=O	InChI=1S/C9H16N2O/c1-10-7-5-9(8(10)12)4-3-6-11(9)2/h3-7H2,1-2H3/p+1/t9-/m0/s1	SEUYLPMIUZZDAT-VIFPVBQESA-O	169.24800000000002
Schrodinger_fragment_251	CN1CC[C@@]2(CCC[N@H+]2C)C1=O	InChI=1S/C9H16N2O/c1-10-7-5-9(8(10)12)4-3-6-11(9)2/h3-7H2,1-2H3/p+1/t9-/m0/s1	SEUYLPMIUZZDAT-VIFPVBQESA-O	169.24800000000002
Schrodinger_fragment_252	CN1CC[C@@]2(CCC[NH2+]2)C1=O	InChI=1S/C8H14N2O/c1-10-6-4-8(7(10)11)3-2-5-9-8/h9H,2-6H2,1H3/p+1/t8-/m0/s1	ZUHZYCRQHHCTHF-QMMMGPOBSA-O	155.221
Schrodinger_fragment_253	O=C1NCC[C@]12CCC[NH2+]2	InChI=1S/C7H12N2O/c10-6-7(3-5-8-6)2-1-4-9-7/h9H,1-5H2,(H,8,10)/p+1/t7-/m1/s1	KSQRQLBTULNMJS-SSDOTTSWSA-O	141.194
Schrodinger_fragment_253_a	[O-]C1=NCC[C@]12CCC[NH2+]2	InChI=1S/C7H12N2O/c10-6-7(3-5-8-6)2-1-4-9-7/h9H,1-5H2,(H,8,10)/t7-/m1/s1	KSQRQLBTULNMJS-SSDOTTSWSA-N	140.18599999999998
Schrodinger_fragment_254	C[N@H+]1CCC[C@]12CCNC2=O	InChI=1S/C8H14N2O/c1-10-6-2-3-8(10)4-5-9-7(8)11/h2-6H2,1H3,(H,9,11)/p+1/t8-/m1/s1	SZPVVHGAXYSIOO-MRVPVSSYSA-O	155.221
Schrodinger_fragment_254_a	C[N@H+]1CCC[C@]12CCN=C2[O-]	InChI=1S/C8H14N2O/c1-10-6-2-3-8(10)4-5-9-7(8)11/h2-6H2,1H3,(H,9,11)/t8-/m1/s1	SZPVVHGAXYSIOO-MRVPVSSYSA-N	154.21300000000002
Schrodinger_fragment_255	C[N@@H+]1CCC[C@]12CCNC2=O	InChI=1S/C8H14N2O/c1-10-6-2-3-8(10)4-5-9-7(8)11/h2-6H2,1H3,(H,9,11)/p+1/t8-/m1/s1	SZPVVHGAXYSIOO-MRVPVSSYSA-O	155.221
Schrodinger_fragment_255_a	C[N@@H+]1CCC[C@]12CCN=C2[O-]	InChI=1S/C8H14N2O/c1-10-6-2-3-8(10)4-5-9-7(8)11/h2-6H2,1H3,(H,9,11)/t8-/m1/s1	SZPVVHGAXYSIOO-MRVPVSSYSA-N	154.21300000000002
Schrodinger_fragment_256	CN1CC[C@]2(CCC[N@@H+]2C)C1=O	InChI=1S/C9H16N2O/c1-10-7-5-9(8(10)12)4-3-6-11(9)2/h3-7H2,1-2H3/p+1/t9-/m1/s1	SEUYLPMIUZZDAT-SECBINFHSA-O	169.24800000000002
Schrodinger_fragment_257	CN1CC[C@]2(CCC[N@H+]2C)C1=O	InChI=1S/C9H16N2O/c1-10-7-5-9(8(10)12)4-3-6-11(9)2/h3-7H2,1-2H3/p+1/t9-/m1/s1	SEUYLPMIUZZDAT-SECBINFHSA-O	169.24800000000002
Schrodinger_fragment_258	CN1CC[C@]2(CCC[NH2+]2)C1=O	InChI=1S/C8H14N2O/c1-10-6-4-8(7(10)11)3-2-5-9-8/h9H,2-6H2,1H3/p+1/t8-/m1/s1	ZUHZYCRQHHCTHF-MRVPVSSYSA-O	155.221
Schrodinger_fragment_259	O=C1CCc2ccccc21	InChI=1S/C9H8O/c10-9-6-5-7-3-1-2-4-8(7)9/h1-4H,5-6H2	QNXSIUBBGPHDDE-UHFFFAOYSA-N	132.162
Schrodinger_fragment_260	O=C1OCc2ccccc21	InChI=1S/C8H6O2/c9-8-7-4-2-1-3-6(7)5-10-8/h1-4H,5H2	WNZQDUSMALZDQF-UHFFFAOYSA-N	134.13400000000001
Schrodinger_fragment_261	O=C1CCC[C@@H]2CCCN12	InChI=1S/C8H13NO/c10-8-5-1-3-7-4-2-6-9(7)8/h7H,1-6H2/t7-/m1/s1	RDPDXQHZOLPNMZ-SSDOTTSWSA-N	139.198
Schrodinger_fragment_262	O=C1CCC[C@H]2CCCN12	InChI=1S/C8H13NO/c10-8-5-1-3-7-4-2-6-9(7)8/h7H,1-6H2/t7-/m0/s1	RDPDXQHZOLPNMZ-ZETCQYMHSA-N	139.198
Schrodinger_fragment_263	O=C1NCc2ccccc21	InChI=1S/C8H7NO/c10-8-7-4-2-1-3-6(7)5-9-8/h1-4H,5H2,(H,9,10)	PXZQEOJJUGGUIB-UHFFFAOYSA-N	133.15
Schrodinger_fragment_263_a	[O-]C1=NCc2ccccc21	InChI=1S/C8H7NO/c10-8-7-4-2-1-3-6(7)5-9-8/h1-4H,5H2,(H,9,10)/p-1	PXZQEOJJUGGUIB-UHFFFAOYSA-M	132.14200000000002
Schrodinger_fragment_264	C=C1C(=O)Nc2ccccc21	InChI=1S/C9H7NO/c1-6-7-4-2-3-5-8(7)10-9(6)11/h2-5H,1H2,(H,10,11)	IGXUUWYVUGBMFT-UHFFFAOYSA-N	145.161
Schrodinger_fragment_265	C=C1NC(=O)c2ccccc21	InChI=1S/C9H7NO/c1-6-7-4-2-3-5-8(7)9(11)10-6/h2-5H,1H2,(H,10,11)	WOASUPWBFMXCNJ-UHFFFAOYSA-N	145.161
Schrodinger_fragment_265_a	C=C1N=C([O-])c2ccccc21	InChI=1S/C9H7NO/c1-6-7-4-2-3-5-8(7)9(11)10-6/h2-5H,1H2,(H,10,11)/p-1	WOASUPWBFMXCNJ-UHFFFAOYSA-M	144.153
Schrodinger_fragment_266	O=C1Cc2ccccc2N1	InChI=1S/C8H7NO/c10-8-5-6-3-1-2-4-7(6)9-8/h1-4H,5H2,(H,9,10)	JYGFTBXVXVMTGB-UHFFFAOYSA-N	133.15
Schrodinger_fragment_267	CN1Cc2ccccc2C1=O	InChI=1S/C9H9NO/c1-10-6-7-4-2-3-5-8(7)9(10)11/h2-5H,6H2,1H3	JHMBTUMIVBSJFS-UHFFFAOYSA-N	147.17700000000002
Schrodinger_fragment_268	C=C1C(=O)N(C)c2ccccc21	InChI=1S/C10H9NO/c1-7-8-5-3-4-6-9(8)11(2)10(7)12/h3-6H,1H2,2H3	XNZSWMJKDVOOBQ-UHFFFAOYSA-N	159.188
Schrodinger_fragment_269	C=C1c2ccccc2C(=O)N1C	InChI=1S/C10H9NO/c1-7-8-5-3-4-6-9(8)10(12)11(7)2/h3-6H,1H2,2H3	FFWLNWIWTLFBGD-UHFFFAOYSA-N	159.188
Schrodinger_fragment_270	CN1C(=O)Cc2ccccc21	InChI=1S/C9H9NO/c1-10-8-5-3-2-4-7(8)6-9(10)11/h2-5H,6H2,1H3	RSQUAQMIGSMNNE-UHFFFAOYSA-N	147.17700000000002
Schrodinger_fragment_271	O=c1[nH]c2ccccc2[nH]1	InChI=1S/C7H6N2O/c10-7-8-5-3-1-2-4-6(5)9-7/h1-4H,(H2,8,9,10)	SILNNFMWIMZVEQ-UHFFFAOYSA-N	134.138
Schrodinger_fragment_271_a	[O-]c1nc2ccccc2[nH]1	InChI=1S/C7H6N2O/c10-7-8-5-3-1-2-4-6(5)9-7/h1-4H,(H2,8,9,10)/p-1	SILNNFMWIMZVEQ-UHFFFAOYSA-M	133.13000000000002
Schrodinger_fragment_272	Cn1c(=O)[nH]c2ccccc21	InChI=1S/C8H8N2O/c1-10-7-5-3-2-4-6(7)9-8(10)11/h2-5H,1H3,(H,9,11)	PYEHNKXDXBNHQQ-UHFFFAOYSA-N	148.16500000000002
Schrodinger_fragment_273	Cn1c(=O)n(C)c2ccccc21	InChI=1S/C9H10N2O/c1-10-7-5-3-4-6-8(7)11(2)9(10)12/h3-6H,1-2H3	NOJXCBIUEXCLMZ-UHFFFAOYSA-N	162.192
Schrodinger_fragment_274	O=C1C[NH2+]C[C@H]2CCCN12	InChI=1S/C7H12N2O/c10-7-5-8-4-6-2-1-3-9(6)7/h6,8H,1-5H2/p+1/t6-/m1/s1	HAAZJWVQKLGNDT-ZCFIWIBFSA-O	141.194
Schrodinger_fragment_274_a	O=C1CNC[C@H]2CCCN12	InChI=1S/C7H12N2O/c10-7-5-8-4-6-2-1-3-9(6)7/h6,8H,1-5H2/t6-/m1/s1	HAAZJWVQKLGNDT-ZCFIWIBFSA-N	140.186
Schrodinger_fragment_275	C[N@@H+]1CC(=O)N2CCC[C@@H]2C1	InChI=1S/C8H14N2O/c1-9-5-7-3-2-4-10(7)8(11)6-9/h7H,2-6H2,1H3/p+1/t7-/m1/s1	HVFCTJUBOVZANZ-SSDOTTSWSA-O	155.221
Schrodinger_fragment_275_a	CN1CC(=O)N2CCC[C@@H]2C1	InChI=1S/C8H14N2O/c1-9-5-7-3-2-4-10(7)8(11)6-9/h7H,2-6H2,1H3/t7-/m1/s1	HVFCTJUBOVZANZ-SSDOTTSWSA-N	154.213
Schrodinger_fragment_276	C[N@H+]1CC(=O)N2CCC[C@@H]2C1	InChI=1S/C8H14N2O/c1-9-5-7-3-2-4-10(7)8(11)6-9/h7H,2-6H2,1H3/p+1/t7-/m1/s1	HVFCTJUBOVZANZ-SSDOTTSWSA-O	155.221
Schrodinger_fragment_277	O=C1C[NH2+]C[C@@H]2CCCN12	InChI=1S/C7H12N2O/c10-7-5-8-4-6-2-1-3-9(6)7/h6,8H,1-5H2/p+1/t6-/m0/s1	HAAZJWVQKLGNDT-LURJTMIESA-O	141.194
Schrodinger_fragment_277_a	O=C1CNC[C@@H]2CCCN12	InChI=1S/C7H12N2O/c10-7-5-8-4-6-2-1-3-9(6)7/h6,8H,1-5H2/t6-/m0/s1	HAAZJWVQKLGNDT-LURJTMIESA-N	140.186
Schrodinger_fragment_278	C[N@@H+]1CC(=O)N2CCC[C@H]2C1	InChI=1S/C8H14N2O/c1-9-5-7-3-2-4-10(7)8(11)6-9/h7H,2-6H2,1H3/p+1/t7-/m0/s1	HVFCTJUBOVZANZ-ZETCQYMHSA-O	155.221
Schrodinger_fragment_278_a	CN1CC(=O)N2CCC[C@H]2C1	InChI=1S/C8H14N2O/c1-9-5-7-3-2-4-10(7)8(11)6-9/h7H,2-6H2,1H3/t7-/m0/s1	HVFCTJUBOVZANZ-ZETCQYMHSA-N	154.213
Schrodinger_fragment_279	C[N@H+]1CC(=O)N2CCC[C@H]2C1	InChI=1S/C8H14N2O/c1-9-5-7-3-2-4-10(7)8(11)6-9/h7H,2-6H2,1H3/p+1/t7-/m0/s1	HVFCTJUBOVZANZ-ZETCQYMHSA-O	155.221
Schrodinger_fragment_280	O=C1NCCn2nccc21	InChI=1S/C6H7N3O/c10-6-5-1-2-8-9(5)4-3-7-6/h1-2H,3-4H2,(H,7,10)	GLQXAHBYDJPCHG-UHFFFAOYSA-N	137.14199999999997
Schrodinger_fragment_280_a	[O-]C1=NCCn2nccc21	InChI=1S/C6H7N3O/c10-6-5-1-2-8-9(5)4-3-7-6/h1-2H,3-4H2,(H,7,10)/p-1	GLQXAHBYDJPCHG-UHFFFAOYSA-M	136.134
Schrodinger_fragment_281	CN1CCn2nccc2C1=O	InChI=1S/C7H9N3O/c1-9-4-5-10-6(7(9)11)2-3-8-10/h2-3H,4-5H2,1H3	ZGXSVAHVGPGXGU-UHFFFAOYSA-N	151.16899999999998
Schrodinger_fragment_282	O=c1[nH]cnc2[nH]ccc12	InChI=1S/C6H5N3O/c10-6-4-1-2-7-5(4)8-3-9-6/h1-3H,(H2,7,8,9,10)	FBMZEITWVNHWJW-UHFFFAOYSA-N	135.12599999999998
Schrodinger_fragment_282_a	[O-]c1ncnc2[nH]ccc12	InChI=1S/C6H5N3O/c10-6-4-1-2-7-5(4)8-3-9-6/h1-3H,(H2,7,8,9,10)/p-1	FBMZEITWVNHWJW-UHFFFAOYSA-M	134.11799999999997
Schrodinger_fragment_283	Cn1ccc2c(=O)[nH]cnc21	InChI=1S/C7H7N3O/c1-10-3-2-5-6(10)8-4-9-7(5)11/h2-4H,1H3,(H,8,9,11)	JWXXZAHMLYLRBC-UHFFFAOYSA-N	149.15299999999996
Schrodinger_fragment_283_a	Cn1ccc2c([O-])ncnc21	InChI=1S/C7H7N3O/c1-10-3-2-5-6(10)8-4-9-7(5)11/h2-4H,1H3,(H,8,9,11)/p-1	JWXXZAHMLYLRBC-UHFFFAOYSA-M	148.14499999999998
Schrodinger_fragment_284	Cn1cnc2c(ccn2C)c1=O	InChI=1S/C8H9N3O/c1-10-4-3-6-7(10)9-5-11(2)8(6)12/h3-5H,1-2H3	FLNNFHZDVVAYML-UHFFFAOYSA-N	163.17999999999998
Schrodinger_fragment_285	Cn1cnc2[nH]ccc2c1=O	InChI=1S/C7H7N3O/c1-10-4-9-6-5(7(10)11)2-3-8-6/h2-4,8H,1H3	VTHSIIGWRBEMKY-UHFFFAOYSA-N	149.15299999999996
Schrodinger_fragment_286	O=C1[N-]C(=O)C2(CC[NH2+]CC2)N1	InChI=1S/C7H11N3O2/c11-5-7(10-6(12)9-5)1-3-8-4-2-7/h8H,1-4H2,(H2,9,10,11,12)	HRSWSISJJJDBOQ-UHFFFAOYSA-N	169.184
Schrodinger_fragment_286_a	O=C1NC(=O)C2(CC[NH2+]CC2)N1	InChI=1S/C7H11N3O2/c11-5-7(10-6(12)9-5)1-3-8-4-2-7/h8H,1-4H2,(H2,9,10,11,12)/p+1	HRSWSISJJJDBOQ-UHFFFAOYSA-O	170.192
Schrodinger_fragment_286_b	O=C1NC([O-])=NC12CC[NH2+]CC2	InChI=1S/C7H11N3O2/c11-5-7(10-6(12)9-5)1-3-8-4-2-7/h8H,1-4H2,(H2,9,10,11,12)	HRSWSISJJJDBOQ-UHFFFAOYSA-N	169.184
Schrodinger_fragment_287	CN1C(=O)NC2(CC[NH2+]CC2)C1=O	InChI=1S/C8H13N3O2/c1-11-6(12)8(10-7(11)13)2-4-9-5-3-8/h9H,2-5H2,1H3,(H,10,13)/p+1	NLITZISVKPYCPP-UHFFFAOYSA-O	184.219
Schrodinger_fragment_287_a	CN1C(=O)C2(CC[NH2+]CC2)N=C1[O-]	InChI=1S/C8H13N3O2/c1-11-6(12)8(10-7(11)13)2-4-9-5-3-8/h9H,2-5H2,1H3,(H,10,13)	NLITZISVKPYCPP-UHFFFAOYSA-N	183.21099999999998
Schrodinger_fragment_288	CN1C(=O)N(C)C2(CC[NH2+]CC2)C1=O	InChI=1S/C9H15N3O2/c1-11-7(13)9(12(2)8(11)14)3-5-10-6-4-9/h10H,3-6H2,1-2H3/p+1	OYRDVMVXXOKKJB-UHFFFAOYSA-O	198.24599999999998
Schrodinger_fragment_289	CN1C(=O)N(C)C2(CC[NH+](C)CC2)C1=O	InChI=1S/C10H17N3O2/c1-11-6-4-10(5-7-11)8(14)12(2)9(15)13(10)3/h4-7H2,1-3H3/p+1	MQAHXZAPDFVSQR-UHFFFAOYSA-O	212.273
Schrodinger_fragment_290	CN1C(=O)[N-]C(=O)C12CC[NH+](C)CC2	InChI=1S/C9H15N3O2/c1-11-5-3-9(4-6-11)7(13)10-8(14)12(9)2/h3-6H2,1-2H3,(H,10,13,14)	WDQXFBROQINCJI-UHFFFAOYSA-N	197.238
Schrodinger_fragment_290_a	CN1C(=O)NC(=O)C12CC[NH+](C)CC2	InChI=1S/C9H15N3O2/c1-11-5-3-9(4-6-11)7(13)10-8(14)12(9)2/h3-6H2,1-2H3,(H,10,13,14)/p+1	WDQXFBROQINCJI-UHFFFAOYSA-O	198.246
Schrodinger_fragment_291	C[NH+]1CCC2(CC1)NC(=O)[N-]C2=O	InChI=1S/C8H13N3O2/c1-11-4-2-8(3-5-11)6(12)9-7(13)10-8/h2-5H2,1H3,(H2,9,10,12,13)	ZGSNEAYELPMHGT-UHFFFAOYSA-N	183.211
Schrodinger_fragment_291_a	C[NH+]1CCC2(CC1)NC(=O)NC2=O	InChI=1S/C8H13N3O2/c1-11-4-2-8(3-5-11)6(12)9-7(13)10-8/h2-5H2,1H3,(H2,9,10,12,13)/p+1	ZGSNEAYELPMHGT-UHFFFAOYSA-O	184.21900000000002
Schrodinger_fragment_291_b	C[NH+]1CCC2(CC1)N=C([O-])NC2=O	InChI=1S/C8H13N3O2/c1-11-4-2-8(3-5-11)6(12)9-7(13)10-8/h2-5H2,1H3,(H2,9,10,12,13)	ZGSNEAYELPMHGT-UHFFFAOYSA-N	183.211
Schrodinger_fragment_292	CN1C(=O)[N-]C(=O)C12CC[NH2+]CC2	InChI=1S/C8H13N3O2/c1-11-7(13)10-6(12)8(11)2-4-9-5-3-8/h9H,2-5H2,1H3,(H,10,12,13)	PBAVCCPZRWNJOQ-UHFFFAOYSA-N	183.21099999999998
Schrodinger_fragment_292_a	CN1C(=O)NC(=O)C12CC[NH2+]CC2	InChI=1S/C8H13N3O2/c1-11-7(13)10-6(12)8(11)2-4-9-5-3-8/h9H,2-5H2,1H3,(H,10,12,13)/p+1	PBAVCCPZRWNJOQ-UHFFFAOYSA-O	184.219
Schrodinger_fragment_293	CN1C(=O)NC2(CC[NH+](C)CC2)C1=O	InChI=1S/C9H15N3O2/c1-11-5-3-9(4-6-11)7(13)12(2)8(14)10-9/h3-6H2,1-2H3,(H,10,14)/p+1	UEKVEPQDQOYBHB-UHFFFAOYSA-O	198.246
Schrodinger_fragment_293_a	CN1C(=O)C2(CC[NH+](C)CC2)N=C1[O-]	InChI=1S/C9H15N3O2/c1-11-5-3-9(4-6-11)7(13)12(2)8(14)10-9/h3-6H2,1-2H3,(H,10,14)	UEKVEPQDQOYBHB-UHFFFAOYSA-N	197.238
Schrodinger_fragment_294	O=c1[nH]cnc2[nH]cnc12	InChI=1S/C5H4N4O/c10-5-3-4(7-1-6-3)8-2-9-5/h1-2H,(H2,6,7,8,9,10)	FDGQSTZJBFJUBT-UHFFFAOYSA-N	136.11399999999998
Schrodinger_fragment_294_a	[O-]c1ncnc2[nH]cnc12	InChI=1S/C5H4N4O/c10-5-3-4(7-1-6-3)8-2-9-5/h1-2H,(H2,6,7,8,9,10)/p-1	FDGQSTZJBFJUBT-UHFFFAOYSA-M	135.106
Schrodinger_fragment_294_b	O=c1[nH]cnc2[n-]cnc12	InChI=1S/C5H4N4O/c10-5-3-4(7-1-6-3)8-2-9-5/h1-2H,(H2,6,7,8,9,10)/p-1	FDGQSTZJBFJUBT-UHFFFAOYSA-M	135.106
Schrodinger_fragment_295	Cn1cnc2c(=O)[nH]cnc21	InChI=1S/C6H6N4O/c1-10-3-9-4-5(10)7-2-8-6(4)11/h2-3H,1H3,(H,7,8,11)	PESGUQRDJASXOR-UHFFFAOYSA-N	150.141
Schrodinger_fragment_295_a	Cn1cnc2c([O-])ncnc21	InChI=1S/C6H6N4O/c1-10-3-9-4-5(10)7-2-8-6(4)11/h2-3H,1H3,(H,7,8,11)/p-1	PESGUQRDJASXOR-UHFFFAOYSA-M	149.13299999999998
Schrodinger_fragment_296	Cn1cnc2c(ncn2C)c1=O	InChI=1S/C7H8N4O/c1-10-3-8-5-6(10)9-4-11(2)7(5)12/h3-4H,1-2H3	KIHZGMYZXVZBRG-UHFFFAOYSA-N	164.16799999999998
Schrodinger_fragment_297	Cn1cnc2[nH]cnc2c1=O	InChI=1S/C6H6N4O/c1-10-3-9-5-4(6(10)11)7-2-8-5/h2-3H,1H3,(H,7,8)	KIQMCGMHGVXDFW-UHFFFAOYSA-N	150.141
Schrodinger_fragment_297_a	Cn1cnc2ncnc-2c1[O-]	InChI=1S/C6H6N4O/c1-10-3-9-5-4(6(10)11)7-2-8-5/h2-3,11H,1H3/p-1	JWVQLFKXYDKWGT-UHFFFAOYSA-M	149.13299999999998
Schrodinger_fragment_298	O=c1[nH]cnc2[nH]ncc12	InChI=1S/C5H4N4O/c10-5-3-1-8-9-4(3)6-2-7-5/h1-2H,(H2,6,7,8,9,10)	OFCNXPDARWKPPY-UHFFFAOYSA-N	136.11399999999998
Schrodinger_fragment_298_a	O=c1[nH]cnc2n[nH]cc12	InChI=1S/C5H4N4O/c10-5-3-1-8-9-4(3)6-2-7-5/h1-2H,(H2,6,7,8,9,10)	OFCNXPDARWKPPY-UHFFFAOYSA-N	136.11399999999998
Schrodinger_fragment_298_b	[O-]c1ncnc2n[nH]cc12	InChI=1S/C5H4N4O/c10-5-3-1-8-9-4(3)6-2-7-5/h1-2H,(H2,6,7,8,9,10)/p-1	OFCNXPDARWKPPY-UHFFFAOYSA-M	135.106
Schrodinger_fragment_298_c	O=c1nc[nH]c2n[nH]cc12	InChI=1S/C5H4N4O/c10-5-3-1-8-9-4(3)6-2-7-5/h1-2H,(H2,6,7,8,9,10)	OFCNXPDARWKPPY-UHFFFAOYSA-N	136.114
Schrodinger_fragment_298_d	O=c1nc[nH]c2[nH]ncc12	InChI=1S/C5H4N4O/c10-5-3-1-8-9-4(3)6-2-7-5/h1-2H,(H2,6,7,8,9,10)	OFCNXPDARWKPPY-UHFFFAOYSA-N	136.114
Schrodinger_fragment_298_e	[O-]c1ncnc2[nH]ncc12	InChI=1S/C5H4N4O/c10-5-3-1-8-9-4(3)6-2-7-5/h1-2H,(H2,6,7,8,9,10)/p-1	OFCNXPDARWKPPY-UHFFFAOYSA-M	135.106
Schrodinger_fragment_299	Cn1ncc2c(=O)[nH]cnc21	InChI=1S/C6H6N4O/c1-10-5-4(2-9-10)6(11)8-3-7-5/h2-3H,1H3,(H,7,8,11)	CDJQIJFWTUEUFF-UHFFFAOYSA-N	150.141
Schrodinger_fragment_299_a	Cn1ncc2c([O-])ncnc21	InChI=1S/C6H6N4O/c1-10-5-4(2-9-10)6(11)8-3-7-5/h2-3H,1H3,(H,7,8,11)/p-1	CDJQIJFWTUEUFF-UHFFFAOYSA-M	149.13299999999998
Schrodinger_fragment_300	Cn1cnc2c(cnn2C)c1=O	InChI=1S/C7H8N4O/c1-10-4-8-6-5(7(10)12)3-9-11(6)2/h3-4H,1-2H3	PVQKQWMEXZGTMR-UHFFFAOYSA-N	164.16799999999998
Schrodinger_fragment_301	Cn1cnc2[nH]ncc2c1=O	InChI=1S/C6H6N4O/c1-10-3-7-5-4(6(10)11)2-8-9-5/h2-3H,1H3,(H,8,9)	QMRATMRYQOVGBJ-UHFFFAOYSA-N	150.141
Schrodinger_fragment_301_a	Cn1cnc2n[nH]cc2c1=O	InChI=1S/C6H6N4O/c1-10-3-7-5-4(6(10)11)2-8-9-5/h2-3H,1H3,(H,8,9)	QMRATMRYQOVGBJ-UHFFFAOYSA-N	150.141
Schrodinger_fragment_302	O=c1[nH]c2cncnc2[nH]1	InChI=1S/C5H4N4O/c10-5-8-3-1-6-2-7-4(3)9-5/h1-2H,(H2,6,7,8,9,10)	YPDSIEMYVQERLJ-UHFFFAOYSA-N	136.11399999999998
Schrodinger_fragment_302_a	[O-]c1nc2cncnc2[nH]1	InChI=1S/C5H4N4O/c10-5-8-3-1-6-2-7-4(3)9-5/h1-2H,(H2,6,7,8,9,10)/p-1	YPDSIEMYVQERLJ-UHFFFAOYSA-M	135.106
Schrodinger_fragment_302_b	[O-]c1nc2ncncc2[nH]1	InChI=1S/C5H4N4O/c10-5-8-3-1-6-2-7-4(3)9-5/h1-2H,(H2,6,7,8,9,10)/p-1	YPDSIEMYVQERLJ-UHFFFAOYSA-M	135.106
Schrodinger_fragment_303	Cn1c(=O)[nH]c2ncncc21	InChI=1S/C6H6N4O/c1-10-4-2-7-3-8-5(4)9-6(10)11/h2-3H,1H3,(H,7,8,9,11)	FNUYKMPOJSEMNW-UHFFFAOYSA-N	150.141
Schrodinger_fragment_303_a	Cn1c([O-])nc2ncncc21	InChI=1S/C6H6N4O/c1-10-4-2-7-3-8-5(4)9-6(10)11/h2-3H,1H3,(H,7,8,9,11)/p-1	FNUYKMPOJSEMNW-UHFFFAOYSA-M	149.13299999999998
Schrodinger_fragment_304	Cn1c(=O)n(C)c2ncncc21	InChI=1S/C7H8N4O/c1-10-5-3-8-4-9-6(5)11(2)7(10)12/h3-4H,1-2H3	XUJHLVLIGDUYDV-UHFFFAOYSA-N	164.16799999999998
Schrodinger_fragment_305	[O-]c1ncnc2c[nH]nc12	InChI=1S/C5H4N4O/c10-5-4-3(1-8-9-4)6-2-7-5/h1-2H,(H,8,9)(H,6,7,10)/p-1	JFZSDNLQDTYVEE-UHFFFAOYSA-M	135.106
Schrodinger_fragment_305_a	O=c1[nH]cnc2cn[nH]c12	InChI=1S/C5H4N4O/c10-5-4-3(1-8-9-4)6-2-7-5/h1-2H,(H,8,9)(H,6,7,10)	JFZSDNLQDTYVEE-UHFFFAOYSA-N	136.11399999999998
Schrodinger_fragment_305_b	O=c1[nH]cnc2c[nH]nc12	InChI=1S/C5H4N4O/c10-5-4-3(1-8-9-4)6-2-7-5/h1-2H,(H,8,9)(H,6,7,10)	JFZSDNLQDTYVEE-UHFFFAOYSA-N	136.11399999999998
Schrodinger_fragment_305_c	O=c1nc[nH]c2c[nH]nc12	InChI=1S/C5H4N4O/c10-5-4-3(1-8-9-4)6-2-7-5/h1-2H,(H,8,9)(H,6,7,10)	JFZSDNLQDTYVEE-UHFFFAOYSA-N	136.114
Schrodinger_fragment_305_d	[O-]c1ncnc2cn[nH]c12	InChI=1S/C5H4N4O/c10-5-4-3(1-8-9-4)6-2-7-5/h1-2H,(H,8,9)(H,6,7,10)/p-1	JFZSDNLQDTYVEE-UHFFFAOYSA-M	135.106
Schrodinger_fragment_305_e	O=c1nc[nH]c2cn[nH]c12	InChI=1S/C5H4N4O/c10-5-4-3(1-8-9-4)6-2-7-5/h1-2H,(H,8,9)(H,6,7,10)	JFZSDNLQDTYVEE-UHFFFAOYSA-N	136.114
Schrodinger_fragment_305_f	O=c1nc[nH]c2c[n-]nc12	InChI=1S/C5H4N4O/c10-5-4-3(1-8-9-4)6-2-7-5/h1-2H,(H2,6,7,8,9,10)/p-1	RACUAVAIBRBNDO-UHFFFAOYSA-M	135.106
Schrodinger_fragment_306	Cn1ncc2nc[nH]c(=O)c21	InChI=1S/C6H6N4O/c1-10-5-4(2-9-10)7-3-8-6(5)11/h2-3H,1H3,(H,7,8,11)	JAFSZKZHCNWJIY-UHFFFAOYSA-N	150.141
Schrodinger_fragment_306_a	Cn1ncc2ncnc([O-])c21	InChI=1S/C6H6N4O/c1-10-5-4(2-9-10)7-3-8-6(5)11/h2-3H,1H3,(H,7,8,11)/p-1	JAFSZKZHCNWJIY-UHFFFAOYSA-M	149.13299999999998
Schrodinger_fragment_306_b	Cn1ncc2[nH]cnc(=O)c21	InChI=1S/C6H6N4O/c1-10-5-4(2-9-10)7-3-8-6(5)11/h2-3H,1H3,(H,7,8,11)	JAFSZKZHCNWJIY-UHFFFAOYSA-N	150.141
Schrodinger_fragment_307	Cn1cnc2cnn(C)c2c1=O	InChI=1S/C7H8N4O/c1-10-4-8-5-3-9-11(2)6(5)7(10)12/h3-4H,1-2H3	MQGDDMDRZXRGPO-UHFFFAOYSA-N	164.16799999999998
Schrodinger_fragment_308	Cn1cnc2cn[nH]c2c1=O	InChI=1S/C6H6N4O/c1-10-3-7-4-2-8-9-5(4)6(10)11/h2-3H,1H3,(H,8,9)	QHJRBALCGQXFFQ-UHFFFAOYSA-N	150.141
Schrodinger_fragment_308_a	Cn1cnc2c[nH]nc2c1=O	InChI=1S/C6H6N4O/c1-10-3-7-4-2-8-9-5(4)6(10)11/h2-3H,1H3,(H,8,9)	QHJRBALCGQXFFQ-UHFFFAOYSA-N	150.141
Schrodinger_fragment_309	O=c1[nH]c(=O)c2[nH]cnc2[nH]1	InChI=1S/C5H4N4O2/c10-4-2-3(7-1-6-2)8-5(11)9-4/h1H,(H3,6,7,8,9,10,11)	LRFVTYWOQMYALW-UHFFFAOYSA-N	152.113
Schrodinger_fragment_309_a	O=c1[nH]c(=O)c2nc[nH]c2[nH]1	InChI=1S/C5H4N4O2/c10-4-2-3(7-1-6-2)8-5(11)9-4/h1H,(H3,6,7,8,9,10,11)	LRFVTYWOQMYALW-UHFFFAOYSA-N	152.113
Schrodinger_fragment_309_b	O=c1[nH]c([O-])nc2[nH]cnc12	InChI=1S/C5H4N4O2/c10-4-2-3(7-1-6-2)8-5(11)9-4/h1H,(H3,6,7,8,9,10,11)/p-1	LRFVTYWOQMYALW-UHFFFAOYSA-M	151.105
Schrodinger_fragment_309_c	O=c1[n-]c(=O)c2[nH]cnc2[nH]1	InChI=1S/C5H4N4O2/c10-4-2-3(7-1-6-2)8-5(11)9-4/h1H,(H3,6,7,8,9,10,11)/p-1	LRFVTYWOQMYALW-UHFFFAOYSA-M	151.105
Schrodinger_fragment_309_d	O=c1[nH]c(=O)c2[n-]cnc2[nH]1	InChI=1S/C5H4N4O2/c10-4-2-3(7-1-6-2)8-5(11)9-4/h1H,(H3,6,7,8,9,10,11)/p-1	LRFVTYWOQMYALW-UHFFFAOYSA-M	151.105
Schrodinger_fragment_309_e	O=c1[n-]c(=O)c2nc[nH]c2[nH]1	InChI=1S/C5H4N4O2/c10-4-2-3(7-1-6-2)8-5(11)9-4/h1H,(H3,6,7,8,9,10,11)/p-1	LRFVTYWOQMYALW-UHFFFAOYSA-M	151.105
Schrodinger_fragment_309_f	O=c1[nH]c([O-])nc2[n-]cnc12	InChI=1S/C5H4N4O2/c10-4-2-3(7-1-6-2)8-5(11)9-4/h1H,(H3,6,7,8,9,10,11)/p-2	LRFVTYWOQMYALW-UHFFFAOYSA-L	150.09699999999998
Schrodinger_fragment_310	Cn1cnc2nc([O-])[nH]c(=O)c21	InChI=1S/C6H6N4O2/c1-10-2-7-4-3(10)5(11)9-6(12)8-4/h2H,1H3,(H2,8,9,11,12)/p-1	PFWLFWPASULGAN-UHFFFAOYSA-M	165.13199999999998
Schrodinger_fragment_310_a	Cn1cnc2[nH]c(=O)[nH]c(=O)c21	InChI=1S/C6H6N4O2/c1-10-2-7-4-3(10)5(11)9-6(12)8-4/h2H,1H3,(H2,8,9,11,12)	PFWLFWPASULGAN-UHFFFAOYSA-N	166.14
Schrodinger_fragment_310_b	Cn1cnc2[nH]c(=O)[n-]c(=O)c21	InChI=1S/C6H6N4O2/c1-10-2-7-4-3(10)5(11)9-6(12)8-4/h2H,1H3,(H2,8,9,11,12)/p-1	PFWLFWPASULGAN-UHFFFAOYSA-M	165.13199999999998
Schrodinger_fragment_310_c	Cn1cnc2nc([O-])nc([O-])c21	InChI=1S/C6H6N4O2/c1-10-2-7-4-3(10)5(11)9-6(12)8-4/h2H,1H3,(H2,8,9,11,12)/p-2	PFWLFWPASULGAN-UHFFFAOYSA-L	164.124
Schrodinger_fragment_311	Cn1c(=O)[nH]c(=O)c2[nH]cnc21	InChI=1S/C6H6N4O2/c1-10-4-3(7-2-8-4)5(11)9-6(10)12/h2H,1H3,(H,7,8)(H,9,11,12)	GMSNIKWWOQHZGF-UHFFFAOYSA-N	166.14
Schrodinger_fragment_311_a	Cn1c(=O)[n-]c(=O)c2nc[nH]c21	InChI=1S/C6H6N4O2/c1-10-4-3(7-2-8-4)5(11)9-6(10)12/h2H,1H3,(H2,7,8,9,11,12)/p-1	QDXDQMRZYUSYGE-UHFFFAOYSA-M	165.13199999999998
Schrodinger_fragment_311_b	Cn1c(=O)[nH]c(=O)c2nc[nH]c21	InChI=1S/C6H6N4O2/c1-10-4-3(7-2-8-4)5(11)9-6(10)12/h2H,1H3,(H,7,8)(H,9,11,12)	GMSNIKWWOQHZGF-UHFFFAOYSA-N	166.14
Schrodinger_fragment_311_c	Cn1c(=O)[n-]c(=O)c2[nH]cnc21	InChI=1S/C6H6N4O2/c1-10-4-3(7-2-8-4)5(11)9-6(10)12/h2H,1H3,(H2,7,8,9,11,12)/p-1	QDXDQMRZYUSYGE-UHFFFAOYSA-M	165.13199999999998
Schrodinger_fragment_311_d	Cn1c([O-])nc([O-])c2ncnc1-2	InChI=1S/C6H6N4O2/c1-10-4-3(7-2-8-4)5(11)9-6(10)12/h2,11H,1H3,(H,9,12)/p-2	HZOGTQYZAZGBAB-UHFFFAOYSA-L	164.124
Schrodinger_fragment_311_e	Cn1c2ncnc-2c([O-])[nH]c1=O	InChI=1S/C6H6N4O2/c1-10-4-3(7-2-8-4)5(11)9-6(10)12/h2,11H,1H3,(H,9,12)/p-1	HZOGTQYZAZGBAB-UHFFFAOYSA-M	165.13199999999998
Schrodinger_fragment_312	Cn1c([O-])nc2[nH]cnc2c1=O	InChI=1S/C6H6N4O2/c1-10-5(11)3-4(8-2-7-3)9-6(10)12/h2H,1H3,(H,7,8)(H,9,12)/p-1	MVOYJPOZRLFTCP-UHFFFAOYSA-M	165.13199999999998
Schrodinger_fragment_312_a	Cn1c([O-])nc2nc[nH]c2c1=O	InChI=1S/C6H6N4O2/c1-10-5(11)3-4(8-2-7-3)9-6(10)12/h2H,1H3,(H,7,8)(H,9,12)/p-1	MVOYJPOZRLFTCP-UHFFFAOYSA-M	165.13199999999998
Schrodinger_fragment_312_b	Cn1c([O-])nc2ncnc-2c1[O-]	InChI=1S/C6H6N4O2/c1-10-5(11)3-4(8-2-7-3)9-6(10)12/h2,11H,1H3,(H,7,8,9,12)/p-2	UHSRRMDQAFLGNJ-UHFFFAOYSA-L	164.124
Schrodinger_fragment_313	Cn1cnc2c1c(=O)[nH]c(=O)n2C	InChI=1S/C7H8N4O2/c1-10-3-8-5-4(10)6(12)9-7(13)11(5)2/h3H,1-2H3,(H,9,12,13)	YAPQBXQYLJRXSA-UHFFFAOYSA-N	180.16699999999997
Schrodinger_fragment_313_a	Cn1cnc2c1c(=O)[n-]c(=O)n2C	InChI=1S/C7H8N4O2/c1-10-3-8-5-4(10)6(12)9-7(13)11(5)2/h3H,1-2H3,(H,9,12,13)/p-1	YAPQBXQYLJRXSA-UHFFFAOYSA-M	179.159
Schrodinger_fragment_314	Cn1c(=O)c2[nH]cnc2n(C)c1=O	InChI=1S/C7H8N4O2/c1-10-5-4(8-3-9-5)6(12)11(2)7(10)13/h3H,1-2H3,(H,8,9)	ZFXYFBGIUFBOJW-UHFFFAOYSA-N	180.16699999999997
Schrodinger_fragment_314_a	Cn1c(=O)c2nc[nH]c2n(C)c1=O	InChI=1S/C7H8N4O2/c1-10-5-4(8-3-9-5)6(12)11(2)7(10)13/h3H,1-2H3,(H,8,9)	ZFXYFBGIUFBOJW-UHFFFAOYSA-N	180.16699999999997
Schrodinger_fragment_314_b	Cn1c2ncnc-2c([O-])n(C)c1=O	InChI=1S/C7H8N4O2/c1-10-5-4(8-3-9-5)6(12)11(2)7(10)13/h3,12H,1-2H3/p-1	QWWNRMAXQRZBHT-UHFFFAOYSA-M	179.159
Schrodinger_fragment_315	Cn1c([O-])nc2ncn(C)c2c1=O	InChI=1S/C7H8N4O2/c1-10-3-8-5-4(10)6(12)11(2)7(13)9-5/h3H,1-2H3,(H,9,13)/p-1	QUNWUDVFRNGTCO-UHFFFAOYSA-M	179.159
Schrodinger_fragment_315_a	Cn1c(=O)[nH]c2ncn(C)c2c1=O	InChI=1S/C7H8N4O2/c1-10-3-8-5-4(10)6(12)11(2)7(13)9-5/h3H,1-2H3,(H,9,13)	QUNWUDVFRNGTCO-UHFFFAOYSA-N	180.16699999999997
Schrodinger_fragment_316	Cn1c(=O)c2c(ncn2C)n(C)c1=O	InChI=1S/C8H10N4O2/c1-10-4-9-6-5(10)7(13)12(3)8(14)11(6)2/h4H,1-3H3	RYYVLZVUVIJVGH-UHFFFAOYSA-N	194.194
Schrodinger_fragment_317	[O-]c1ncnc2n[n-]nc12	InChI=1S/C4H2N5O/c10-4-2-3(5-1-6-4)8-9-7-2/h1H,(H-,5,6,7,8,9,10)/q-1/p-1	IVHPOQAMIPFSME-UHFFFAOYSA-M	135.086
Schrodinger_fragment_317_a	[O-]c1ncnc2n[nH]nc12	InChI=1S/C4H3N5O/c10-4-2-3(5-1-6-4)8-9-7-2/h1H,(H2,5,6,7,8,9,10)/p-1	OEEYCNOOAHGFHL-UHFFFAOYSA-M	136.094
Schrodinger_fragment_317_b	[O-]c1ncnc2nn[nH]c12	InChI=1S/C4H3N5O/c10-4-2-3(5-1-6-4)8-9-7-2/h1H,(H2,5,6,7,8,9,10)/p-1	OEEYCNOOAHGFHL-UHFFFAOYSA-M	136.094
Schrodinger_fragment_317_c	[O-]c1ncnc2[nH]nnc12	InChI=1S/C4H3N5O/c10-4-2-3(5-1-6-4)8-9-7-2/h1H,(H2,5,6,7,8,9,10)/p-1	OEEYCNOOAHGFHL-UHFFFAOYSA-M	136.094
Schrodinger_fragment_317_d	[O-]c1[nH]cnc2nnnc1-2	InChI=1S/C4H3N5O/c10-4-2-3(5-1-6-4)8-9-7-2/h1H,(H2,5,6,7,8,9,10)/p-1	OEEYCNOOAHGFHL-UHFFFAOYSA-M	136.094
Schrodinger_fragment_318	Cn1nnc2c([O-])ncnc21	InChI=1S/C5H5N5O/c1-10-4-3(8-9-10)5(11)7-2-6-4/h2H,1H3,(H,6,7,11)/p-1	BNVZNWHPIOKGRM-UHFFFAOYSA-M	150.121
Schrodinger_fragment_318_a	Cn1nnc2c(=O)nc[nH]c21	InChI=1S/C5H5N5O/c1-10-4-3(8-9-10)5(11)7-2-6-4/h2H,1H3,(H,6,7,11)	BNVZNWHPIOKGRM-UHFFFAOYSA-N	151.12900000000002
Schrodinger_fragment_318_b	Cn1nnc2c(=O)[nH]cnc21	InChI=1S/C5H5N5O/c1-10-4-3(8-9-10)5(11)7-2-6-4/h2H,1H3,(H,6,7,11)	BNVZNWHPIOKGRM-UHFFFAOYSA-N	151.129
Schrodinger_fragment_319	Cn1cnc2c(nnn2C)c1=O	InChI=1S/C6H7N5O/c1-10-3-7-5-4(6(10)12)8-9-11(5)2/h3H,1-2H3	XLLVFFFZNQLBKZ-UHFFFAOYSA-N	165.156
Schrodinger_fragment_320	Cn1cnc2nnnc-2c1[O-]	InChI=1S/C5H5N5O/c1-10-2-6-4-3(5(10)11)7-9-8-4/h2,11H,1H3/p-1	UTHNPHJHCKSXJK-UHFFFAOYSA-M	150.121
Schrodinger_fragment_320_a	Cn1cnc2n[nH]nc2c1=O	InChI=1S/C5H5N5O/c1-10-2-6-4-3(5(10)11)7-9-8-4/h2H,1H3,(H,7,8,9)	CTWROIWRZJAKKE-UHFFFAOYSA-N	151.129
Schrodinger_fragment_320_b	Cn1cnc2nn[nH]c2c1=O	InChI=1S/C5H5N5O/c1-10-2-6-4-3(5(10)11)7-9-8-4/h2H,1H3,(H,7,8,9)	CTWROIWRZJAKKE-UHFFFAOYSA-N	151.129
Schrodinger_fragment_320_c	Cn1cnc2[nH]nnc2c1=O	InChI=1S/C5H5N5O/c1-10-2-6-4-3(5(10)11)7-9-8-4/h2H,1H3,(H,7,8,9)	CTWROIWRZJAKKE-UHFFFAOYSA-N	151.129
Schrodinger_fragment_321	C1C[C@@H]2CC[C@H](C1)[NH2+]2	InChI=1S/C7H13N/c1-2-6-4-5-7(3-1)8-6/h6-8H,1-5H2/p+1/t6-,7+	DGGKXQQCVPAUEA-KNVOCYPGSA-O	112.19600000000003
Schrodinger_fragment_322	C[N@@H+]1[C@@H]2CCC[C@H]1CC2	InChI=1S/C8H15N/c1-9-7-3-2-4-8(9)6-5-7/h7-8H,2-6H2,1H3/p+1/t7-,8+	XLRPYZSEQKXZAA-OCAPTIKFSA-O	126.22300000000001
Schrodinger_fragment_323	O=C1CCCC(=O)N2CCCN12	InChI=1S/C8H12N2O2/c11-7-3-1-4-8(12)10-6-2-5-9(7)10/h1-6H2	ZOXVVWHJWSEZNC-UHFFFAOYSA-N	168.196
Schrodinger_fragment_324	O=C1CCCc2ccccc21	InChI=1S/C10H10O/c11-10-7-3-5-8-4-1-2-6-9(8)10/h1-2,4,6H,3,5,7H2	XHLHPRDBBAGVEG-UHFFFAOYSA-N	146.189
Schrodinger_fragment_325	c1ccc2c(c1)CCCO2	InChI=1S/C9H10O/c1-2-6-9-8(4-1)5-3-7-10-9/h1-2,4,6H,3,5,7H2	VZWXIQHBIQLMPN-UHFFFAOYSA-N	134.17800000000003
Schrodinger_fragment_326	O=c1ccc2ccccc2o1	InChI=1S/C9H6O2/c10-9-6-5-7-3-1-2-4-8(7)11-9/h1-6H	ZYGHJZDHTFUPRJ-UHFFFAOYSA-N	146.14499999999998
Schrodinger_fragment_327	c1ccc2c(c1)OCCO2	InChI=1S/C8H8O2/c1-2-4-8-7(3-1)9-5-6-10-8/h1-4H,5-6H2	BNBQRQQYDMDJAH-UHFFFAOYSA-N	136.15
Schrodinger_fragment_328	O=c1ccoc2ccccc12	InChI=1S/C9H6O2/c10-8-5-6-11-9-4-2-1-3-7(8)9/h1-6H	OTAFHZMPRISVEM-UHFFFAOYSA-N	146.14499999999998
Schrodinger_fragment_329	O=c1ccc2ccccc2[nH]1	InChI=1S/C9H7NO/c11-9-6-5-7-3-1-2-4-8(7)10-9/h1-6H,(H,10,11)	LISFMEBWQUVKPJ-UHFFFAOYSA-N	145.161
Schrodinger_fragment_329_a	[O-]c1ccc2ccccc2n1	InChI=1S/C9H7NO/c11-9-6-5-7-3-1-2-4-8(7)10-9/h1-6H,(H,10,11)/p-1	LISFMEBWQUVKPJ-UHFFFAOYSA-M	144.153
Schrodinger_fragment_330	Cn1c(=O)ccc2ccccc21	InChI=1S/C10H9NO/c1-11-9-5-3-2-4-8(9)6-7-10(11)12/h2-7H,1H3	QYEMNJMSULGQRD-UHFFFAOYSA-N	159.188
Schrodinger_fragment_331	O=c1cc[nH]c2ccccc12	InChI=1S/C9H7NO/c11-9-5-6-10-8-4-2-1-3-7(8)9/h1-6H,(H,10,11)	PMZDQRJGMBOQBF-UHFFFAOYSA-N	145.161
Schrodinger_fragment_331_a	[O-]c1ccnc2ccccc12	InChI=1S/C9H7NO/c11-9-5-6-10-8-4-2-1-3-7(8)9/h1-6H,(H,10,11)/p-1	PMZDQRJGMBOQBF-UHFFFAOYSA-M	144.153
Schrodinger_fragment_332	Cn1ccc(=O)c2ccccc21	InChI=1S/C10H9NO/c1-11-7-6-10(12)8-4-2-3-5-9(8)11/h2-7H,1H3	CSJAXRKDCCWCSJ-UHFFFAOYSA-N	159.188
Schrodinger_fragment_333	O=c1[nH]ccc2ccccc12	InChI=1S/C9H7NO/c11-9-8-4-2-1-3-7(8)5-6-10-9/h1-6H,(H,10,11)	VDBNYAPERZTOOF-UHFFFAOYSA-N	145.161
Schrodinger_fragment_333_a	[O-]c1nccc2ccccc12	InChI=1S/C9H7NO/c11-9-8-4-2-1-3-7(8)5-6-10-9/h1-6H,(H,10,11)/p-1	VDBNYAPERZTOOF-UHFFFAOYSA-M	144.153
Schrodinger_fragment_334	Cn1ccc2ccccc2c1=O	InChI=1S/C10H9NO/c1-11-7-6-8-4-2-3-5-9(8)10(11)12/h2-7H,1H3	YJRMHIKEMDTYDR-UHFFFAOYSA-N	159.188
Schrodinger_fragment_335	O=C1NCCc2ccccc21	InChI=1S/C9H9NO/c11-9-8-4-2-1-3-7(8)5-6-10-9/h1-4H,5-6H2,(H,10,11)	YWPMKTWUFVOFPL-UHFFFAOYSA-N	147.17699999999996
Schrodinger_fragment_335_a	[O-]C1=NCCc2ccccc21	InChI=1S/C9H9NO/c11-9-8-4-2-1-3-7(8)5-6-10-9/h1-4H,5-6H2,(H,10,11)/p-1	YWPMKTWUFVOFPL-UHFFFAOYSA-M	146.16899999999998
Schrodinger_fragment_336	CN1CCc2ccccc2C1=O	InChI=1S/C10H11NO/c1-11-7-6-8-4-2-3-5-9(8)10(11)12/h2-5H,6-7H2,1H3	YMZLDAJXSRSNHM-UHFFFAOYSA-N	161.20399999999998
Schrodinger_fragment_337	O=C1CCc2ccccc2N1	InChI=1S/C9H9NO/c11-9-6-5-7-3-1-2-4-8(7)10-9/h1-4H,5-6H2,(H,10,11)	TZOYXRMEFDYWDQ-UHFFFAOYSA-N	147.17700000000002
Schrodinger_fragment_338	CN1C(=O)CCc2ccccc21	InChI=1S/C10H11NO/c1-11-9-5-3-2-4-8(9)6-7-10(11)12/h2-5H,6-7H2,1H3	GRDNENMVSPDQBD-UHFFFAOYSA-N	161.204
Schrodinger_fragment_339	O=C1Cc2ccccc2CN1	InChI=1S/C9H9NO/c11-9-5-7-3-1-2-4-8(7)6-10-9/h1-4H,5-6H2,(H,10,11)	MGZGPQCRWVOGFE-UHFFFAOYSA-N	147.17699999999996
Schrodinger_fragment_340	CN1Cc2ccccc2CC1=O	InChI=1S/C10H11NO/c1-11-7-9-5-3-2-4-8(9)6-10(11)12/h2-5H,6-7H2,1H3	NVQVKXJHCXPXIL-UHFFFAOYSA-N	161.20399999999998
Schrodinger_fragment_341	O=C1CCNc2ccccc21	InChI=1S/C9H9NO/c11-9-5-6-10-8-4-2-1-3-7(8)9/h1-4,10H,5-6H2	BUWPZNOVIHAWHW-UHFFFAOYSA-N	147.17700000000002
Schrodinger_fragment_342	CN1CCC(=O)c2ccccc21	InChI=1S/C10H11NO/c1-11-7-6-10(12)8-4-2-3-5-9(8)11/h2-5H,6-7H2,1H3	PFRCTAQFFQYTKL-UHFFFAOYSA-N	161.204
Schrodinger_fragment_343	O=C1CN=Cc2ccccc21	InChI=1S/C9H7NO/c11-9-6-10-5-7-3-1-2-4-8(7)9/h1-5H,6H2	DZOKENUNRMDZCS-UHFFFAOYSA-N	145.161
Schrodinger_fragment_343_a	O=C1C[NH+]=Cc2ccccc21	InChI=1S/C9H7NO/c11-9-6-10-5-7-3-1-2-4-8(7)9/h1-5H,6H2/p+1	DZOKENUNRMDZCS-UHFFFAOYSA-O	146.169
Schrodinger_fragment_344	O=C1Nc2ccccc2CO1	InChI=1S/C8H7NO2/c10-8-9-7-4-2-1-3-6(7)5-11-8/h1-4H,5H2,(H,9,10)	SYZIUAAQNFJPJY-UHFFFAOYSA-N	149.149
Schrodinger_fragment_344_a	[O-]C1=Nc2ccccc2CO1	InChI=1S/C8H7NO2/c10-8-9-7-4-2-1-3-6(7)5-11-8/h1-4H,5H2,(H,9,10)/p-1	SYZIUAAQNFJPJY-UHFFFAOYSA-M	148.141
Schrodinger_fragment_345	CN1C(=O)OCc2ccccc21	InChI=1S/C9H9NO2/c1-10-8-5-3-2-4-7(8)6-12-9(10)11/h2-5H,6H2,1H3	ZDFAWZFNQFIYGD-UHFFFAOYSA-N	163.176
Schrodinger_fragment_346	O=C1COc2ccccc2N1	InChI=1S/C8H7NO2/c10-8-5-11-7-4-2-1-3-6(7)9-8/h1-4H,5H2,(H,9,10)	QRCGFTXRXYMJOS-UHFFFAOYSA-N	149.149
Schrodinger_fragment_347	CN1C(=O)COc2ccccc21	InChI=1S/C9H9NO2/c1-10-7-4-2-3-5-8(7)12-6-9(10)11/h2-5H,6H2,1H3	DBJMEBUKQVZWMD-UHFFFAOYSA-N	163.176
Schrodinger_fragment_348	O=C1Cc2ccccc2C(=O)N1	InChI=1S/C9H7NO2/c11-8-5-6-3-1-2-4-7(6)9(12)10-8/h1-4H,5H2,(H,10,11,12)	QGNQEODJYRGEJX-UHFFFAOYSA-N	161.16
Schrodinger_fragment_349	CN1C(=O)Cc2ccccc2C1=O	InChI=1S/C10H9NO2/c1-11-9(12)6-7-4-2-3-5-8(7)10(11)13/h2-5H,6H2,1H3	JNMUQWIITYQZSA-UHFFFAOYSA-N	175.187
Schrodinger_fragment_350	C[NH+]1CCC2(CC[NH2+]CC2)CC1	InChI=1S/C10H20N2/c1-12-8-4-10(5-9-12)2-6-11-7-3-10/h11H,2-9H2,1H3/p+2	OFXQSNLQXDCJCP-UHFFFAOYSA-P	170.3
Schrodinger_fragment_351	C[NH+]1CCC2(CC1)CC[NH+](C)CC2	InChI=1S/C11H22N2/c1-12-7-3-11(4-8-12)5-9-13(2)10-6-11/h3-10H2,1-2H3/p+2	OVZDLBJWXQEACI-UHFFFAOYSA-P	184.32700000000003
Schrodinger_fragment_351_a	CN1CCC2(CC1)CC[NH+](C)CC2	InChI=1S/C11H22N2/c1-12-7-3-11(4-8-12)5-9-13(2)10-6-11/h3-10H2,1-2H3/p+1	OVZDLBJWXQEACI-UHFFFAOYSA-O	183.31900000000002
Schrodinger_fragment_352	O=c1cc[nH]c2ncccc12	InChI=1S/C8H6N2O/c11-7-3-5-10-8-6(7)2-1-4-9-8/h1-5H,(H,9,10,11)	NQUIRWXTTAMWIU-UHFFFAOYSA-N	146.14899999999997
Schrodinger_fragment_352_a	[O-]c1ccnc2ncccc12	InChI=1S/C8H6N2O/c11-7-3-5-10-8-6(7)2-1-4-9-8/h1-5H,(H,9,10,11)/p-1	NQUIRWXTTAMWIU-UHFFFAOYSA-M	145.14099999999996
Schrodinger_fragment_353	Cn1ccc(=O)c2cccnc21	InChI=1S/C9H8N2O/c1-11-6-4-8(12)7-3-2-5-10-9(7)11/h2-6H,1H3	AMOCOOWPWZMACC-UHFFFAOYSA-N	160.17599999999996
Schrodinger_fragment_354	O=c1[nH]cnc2ccccc12	InChI=1S/C8H6N2O/c11-8-6-3-1-2-4-7(6)9-5-10-8/h1-5H,(H,9,10,11)	QMNUDYFKZYBWQX-UHFFFAOYSA-N	146.149
Schrodinger_fragment_354_a	O=c1nc[nH]c2ccccc12	InChI=1S/C8H6N2O/c11-8-6-3-1-2-4-7(6)9-5-10-8/h1-5H,(H,9,10,11)	QMNUDYFKZYBWQX-UHFFFAOYSA-N	146.149
Schrodinger_fragment_354_b	[O-]c1ncnc2ccccc12	InChI=1S/C8H6N2O/c11-8-6-3-1-2-4-7(6)9-5-10-8/h1-5H,(H,9,10,11)/p-1	QMNUDYFKZYBWQX-UHFFFAOYSA-M	145.141
Schrodinger_fragment_355	Cn1cnc2ccccc2c1=O	InChI=1S/C9H8N2O/c1-11-6-10-8-5-3-2-4-7(8)9(11)12/h2-6H,1H3	FJVAQPINJBFBLI-UHFFFAOYSA-N	160.176
Schrodinger_fragment_356	O=c1cnc2ccccc2[nH]1	InChI=1S/C8H6N2O/c11-8-5-9-6-3-1-2-4-7(6)10-8/h1-5H,(H,10,11)	FFRYUAVNPBUEIC-UHFFFAOYSA-N	146.149
Schrodinger_fragment_356_a	[O-]c1cnc2ccccc2n1	InChI=1S/C8H6N2O/c11-8-5-9-6-3-1-2-4-7(6)10-8/h1-5H,(H,10,11)/p-1	FFRYUAVNPBUEIC-UHFFFAOYSA-M	145.141
Schrodinger_fragment_357	Cn1c(=O)cnc2ccccc21	InChI=1S/C9H8N2O/c1-11-8-5-3-2-4-7(8)10-6-9(11)12/h2-6H,1H3	CHPVQLYVDDOWNT-UHFFFAOYSA-N	160.176
Schrodinger_fragment_358	O=c1ccnc2ccccn12	InChI=1S/C8H6N2O/c11-8-4-5-9-7-3-1-2-6-10(7)8/h1-6H	NYJWYCAHJRGKMI-UHFFFAOYSA-N	146.14899999999997
Schrodinger_fragment_359	O=c1ccc2cnccc2[nH]1	InChI=1S/C8H6N2O/c11-8-2-1-6-5-9-4-3-7(6)10-8/h1-5H,(H,10,11)	ZQKMVHXJWJNEQG-UHFFFAOYSA-N	146.14899999999997
Schrodinger_fragment_359_a	[O-]c1ccc2cnccc2n1	InChI=1S/C8H6N2O/c11-8-2-1-6-5-9-4-3-7(6)10-8/h1-5H,(H,10,11)/p-1	ZQKMVHXJWJNEQG-UHFFFAOYSA-M	145.14099999999996
Schrodinger_fragment_360	Cn1c(=O)ccc2cnccc21	InChI=1S/C9H8N2O/c1-11-8-4-5-10-6-7(8)2-3-9(11)12/h2-6H,1H3	OWWCLOSSLOIRMJ-UHFFFAOYSA-N	160.17599999999996
Schrodinger_fragment_361	O=C1NCc2ccccc2N1	InChI=1S/C8H8N2O/c11-8-9-5-6-3-1-2-4-7(6)10-8/h1-4H,5H2,(H2,9,10,11)	CTOUNZIAEBIWAW-UHFFFAOYSA-N	148.165
Schrodinger_fragment_362	CN1Cc2ccccc2NC1=O	InChI=1S/C9H10N2O/c1-11-6-7-4-2-3-5-8(7)10-9(11)12/h2-5H,6H2,1H3,(H,10,12)	GINUUQLRYXHAPB-UHFFFAOYSA-N	162.19199999999998
Schrodinger_fragment_363	CN1Cc2ccccc2N(C)C1=O	InChI=1S/C10H12N2O/c1-11-7-8-5-3-4-6-9(8)12(2)10(11)13/h3-6H,7H2,1-2H3	GSXMSFLLOUQAKR-UHFFFAOYSA-N	176.21899999999997
Schrodinger_fragment_364	CN1C(=O)NCc2ccccc21	InChI=1S/C9H10N2O/c1-11-8-5-3-2-4-7(8)6-10-9(11)12/h2-5H,6H2,1H3,(H,10,12)	MVCFDHLQJVJMDE-UHFFFAOYSA-N	162.19199999999998
Schrodinger_fragment_365	Cn1c(=O)[nH]c2ccccc2c1=O	InChI=1S/C9H8N2O2/c1-11-8(12)6-4-2-3-5-7(6)10-9(11)13/h2-5H,1H3,(H,10,13)	LFGZKCYBINPOTA-UHFFFAOYSA-N	176.175
Schrodinger_fragment_365_a	Cn1c([O-])nc2ccccc2c1=O	InChI=1S/C9H8N2O2/c1-11-8(12)6-4-2-3-5-7(6)10-9(11)13/h2-5H,1H3,(H,10,13)/p-1	LFGZKCYBINPOTA-UHFFFAOYSA-M	175.167
Schrodinger_fragment_366	Cn1c(=O)c2ccccc2n(C)c1=O	InChI=1S/C10H10N2O2/c1-11-8-6-4-3-5-7(8)9(13)12(2)10(11)14/h3-6H,1-2H3	DHSVUPZSHZKQDA-UHFFFAOYSA-N	190.202
Schrodinger_fragment_367	Cn1c(=O)[nH]c(=O)c2ccccc21	InChI=1S/C9H8N2O2/c1-11-7-5-3-2-4-6(7)8(12)10-9(11)13/h2-5H,1H3,(H,10,12,13)	RWFOOMQYIRITHL-UHFFFAOYSA-N	176.17499999999998
Schrodinger_fragment_367_a	Cn1c(=O)[n-]c(=O)c2ccccc21	InChI=1S/C9H8N2O2/c1-11-7-5-3-2-4-6(7)8(12)10-9(11)13/h2-5H,1H3,(H,10,12,13)/p-1	RWFOOMQYIRITHL-UHFFFAOYSA-M	175.167
Schrodinger_fragment_368	O=c1[nH]c2ccccc2[nH]c1=O	InChI=1S/C8H6N2O2/c11-7-8(12)10-6-4-2-1-3-5(6)9-7/h1-4H,(H,9,11)(H,10,12)	ABJFBJGGLJVMAQ-UHFFFAOYSA-N	162.148
Schrodinger_fragment_368_a	O=c1[nH]c2ccccc2nc1[O-]	InChI=1S/C8H6N2O2/c11-7-8(12)10-6-4-2-1-3-5(6)9-7/h1-4H,(H,9,11)(H,10,12)/p-1	ABJFBJGGLJVMAQ-UHFFFAOYSA-M	161.14000000000001
Schrodinger_fragment_369	Cn1c(=O)c(=O)[nH]c2ccccc21	InChI=1S/C9H8N2O2/c1-11-7-5-3-2-4-6(7)10-8(12)9(11)13/h2-5H,1H3,(H,10,12)	ZJDLDFIDSAFPFG-UHFFFAOYSA-N	176.175
Schrodinger_fragment_369_a	Cn1c(=O)c([O-])nc2ccccc21	InChI=1S/C9H8N2O2/c1-11-7-5-3-2-4-6(7)10-8(12)9(11)13/h2-5H,1H3,(H,10,12)/p-1	ZJDLDFIDSAFPFG-UHFFFAOYSA-M	175.167
Schrodinger_fragment_370	Cn1c(=O)c(=O)n(C)c2ccccc21	InChI=1S/C10H10N2O2/c1-11-7-5-3-4-6-8(7)12(2)10(14)9(11)13/h3-6H,1-2H3	MXWJILNOXSNALO-UHFFFAOYSA-N	190.202
Schrodinger_fragment_371	O=S1(=O)NCNc2ccccc21	InChI=1S/C7H8N2O2S/c10-12(11)7-4-2-1-3-6(7)8-5-9-12/h1-4,8-9H,5H2	OKXYPUDKVYVJDI-UHFFFAOYSA-N	184.21999999999997
Schrodinger_fragment_371_a	O=S1(=O)[N-]CNc2ccccc21	InChI=1S/C7H7N2O2S/c10-12(11)7-4-2-1-3-6(7)8-5-9-12/h1-4,8H,5H2/q-1	WFCPUUSKRHGKCS-UHFFFAOYSA-N	183.212
Schrodinger_fragment_372	CN1CNc2ccccc2S1(=O)=O	InChI=1S/C8H10N2O2S/c1-10-6-9-7-4-2-3-5-8(7)13(10,11)12/h2-5,9H,6H2,1H3	GGSFGFPTXMADRR-UHFFFAOYSA-N	198.24699999999999
Schrodinger_fragment_373	CN1CN(C)S(=O)(=O)c2ccccc21	InChI=1S/C9H12N2O2S/c1-10-7-11(2)14(12,13)9-6-4-3-5-8(9)10/h3-6H,7H2,1-2H3	QHXFFCUJHFOTOM-UHFFFAOYSA-N	212.27399999999997
Schrodinger_fragment_374	CN1CNS(=O)(=O)c2ccccc21	InChI=1S/C8H10N2O2S/c1-10-6-9-13(11,12)8-5-3-2-4-7(8)10/h2-5,9H,6H2,1H3	LNJXLZUYZWGOLN-UHFFFAOYSA-N	198.24699999999999
Schrodinger_fragment_374_a	CN1C[N-]S(=O)(=O)c2ccccc21	InChI=1S/C8H9N2O2S/c1-10-6-9-13(11,12)8-5-3-2-4-7(8)10/h2-5H,6H2,1H3/q-1	RUZBFGSCONFNPH-UHFFFAOYSA-N	197.23899999999998
Schrodinger_fragment_375	O=S1(=O)NCc2ccccc2N1	InChI=1S/C7H8N2O2S/c10-12(11)8-5-6-3-1-2-4-7(6)9-12/h1-4,8-9H,5H2	HJOCDLYJUZLBLI-UHFFFAOYSA-N	184.22
Schrodinger_fragment_375_a	O=S1(=O)[N-]Cc2ccccc2N1	InChI=1S/C7H7N2O2S/c10-12(11)8-5-6-3-1-2-4-7(6)9-12/h1-4,9H,5H2/q-1	VTPJVONKYHEWPY-UHFFFAOYSA-N	183.212
Schrodinger_fragment_375_b	O=S1(=O)[N-]c2ccccc2CN1	InChI=1S/C7H7N2O2S/c10-12(11)8-5-6-3-1-2-4-7(6)9-12/h1-4,8H,5H2/q-1	VCOZWMQODYYTLH-UHFFFAOYSA-N	183.212
Schrodinger_fragment_376	CN1Cc2ccccc2NS1(=O)=O	InChI=1S/C8H10N2O2S/c1-10-6-7-4-2-3-5-8(7)9-13(10,11)12/h2-5,9H,6H2,1H3	ROLKWHSWLJWANC-UHFFFAOYSA-N	198.24699999999999
Schrodinger_fragment_376_a	CN1Cc2ccccc2[N-]S1(=O)=O	InChI=1S/C8H9N2O2S/c1-10-6-7-4-2-3-5-8(7)9-13(10,11)12/h2-5H,6H2,1H3/q-1	IOOFTRMSCFUJNT-UHFFFAOYSA-N	197.23899999999998
Schrodinger_fragment_377	CN1Cc2ccccc2N(C)S1(=O)=O	InChI=1S/C9H12N2O2S/c1-10-7-8-5-3-4-6-9(8)11(2)14(10,12)13/h3-6H,7H2,1-2H3	PQHNKGNQNCYISS-UHFFFAOYSA-N	212.27399999999997
Schrodinger_fragment_378	CN1c2ccccc2CNS1(=O)=O	InChI=1S/C8H10N2O2S/c1-10-8-5-3-2-4-7(8)6-9-13(10,11)12/h2-5,9H,6H2,1H3	WLDGRYCGGXNNKS-UHFFFAOYSA-N	198.24699999999999
Schrodinger_fragment_378_a	CN1c2ccccc2C[N-]S1(=O)=O	InChI=1S/C8H9N2O2S/c1-10-8-5-3-2-4-7(8)6-9-13(10,11)12/h2-5H,6H2,1H3/q-1	ZMMNRDKXEJJHLN-UHFFFAOYSA-N	197.23899999999998
Schrodinger_fragment_379	O=S1(=O)NC=Nc2ccccc21	InChI=1S/C7H6N2O2S/c10-12(11)7-4-2-1-3-6(7)8-5-9-12/h1-5H,(H,8,9)	BBNGVMNBBLPZIR-UHFFFAOYSA-N	182.20399999999998
Schrodinger_fragment_379_a	O=S1(=O)[N-]C=Nc2ccccc21	InChI=1S/C7H5N2O2S/c10-12(11)7-4-2-1-3-6(7)8-5-9-12/h1-5H/q-1	AJDNYEQIDPTVEH-UHFFFAOYSA-N	181.19599999999997
Schrodinger_fragment_379_b	O=S1(=O)[NH+]=CNc2ccccc21	InChI=1S/C7H6N2O2S/c10-12(11)7-4-2-1-3-6(7)8-5-9-12/h1-5H,(H,8,9)/p+1	BBNGVMNBBLPZIR-UHFFFAOYSA-O	183.212
Schrodinger_fragment_379_c	O=S1(=O)N=CNc2ccccc21	InChI=1S/C7H6N2O2S/c10-12(11)7-4-2-1-3-6(7)8-5-9-12/h1-5H,(H,8,9)	BBNGVMNBBLPZIR-UHFFFAOYSA-N	182.20399999999998
Schrodinger_fragment_380	CN1C=Nc2ccccc2S1(=O)=O	InChI=1S/C8H8N2O2S/c1-10-6-9-7-4-2-3-5-8(7)13(10,11)12/h2-6H,1H3	MQBVMZMUVGRESP-UHFFFAOYSA-N	196.23099999999997
Schrodinger_fragment_380_a	CN1C=[NH+]c2ccccc2S1(=O)=O	InChI=1S/C8H8N2O2S/c1-10-6-9-7-4-2-3-5-8(7)13(10,11)12/h2-6H,1H3/p+1	MQBVMZMUVGRESP-UHFFFAOYSA-O	197.23899999999998
Schrodinger_fragment_381	O=S1(=O)N=C([O-])c2ccccc2[N-]1	InChI=1S/C7H5N2O3S/c10-7-5-3-1-2-4-6(5)8-13(11,12)9-7/h1-4H,(H-,8,9,10)/q-1/p-1	SZBWDTKNRZFITA-UHFFFAOYSA-M	196.187
Schrodinger_fragment_381_a	O=C1NS(=O)(=O)[N-]c2ccccc21	InChI=1S/C7H6N2O3S/c10-7-5-3-1-2-4-6(5)8-13(11,12)9-7/h1-4H,(H2,8,9,10)/p-1	HLFOGXWVOUUNPL-UHFFFAOYSA-M	197.195
Schrodinger_fragment_381_b	O=S1(=O)N=C([O-])c2ccccc2N1	InChI=1S/C7H6N2O3S/c10-7-5-3-1-2-4-6(5)8-13(11,12)9-7/h1-4,8H,(H,9,10)/p-1	MQZXGMYANOJYIY-UHFFFAOYSA-M	197.19500000000002
Schrodinger_fragment_382	CN1C(=O)c2ccccc2[N-]S1(=O)=O	InChI=1S/C8H8N2O3S/c1-10-8(11)6-4-2-3-5-7(6)9-14(10,12)13/h2-5H,1H3,(H,9,11)/p-1	KLGPWVZDVYHQLO-UHFFFAOYSA-M	211.222
Schrodinger_fragment_382_a	CN1C(=O)c2ccccc2NS1(=O)=O	InChI=1S/C8H8N2O3S/c1-10-8(11)6-4-2-3-5-7(6)9-14(10,12)13/h2-5,9H,1H3	UYQCNKJNSGSECZ-UHFFFAOYSA-N	212.23000000000002
Schrodinger_fragment_383	CN1C(=O)c2ccccc2N(C)S1(=O)=O	InChI=1S/C9H10N2O3S/c1-10-8-6-4-3-5-7(8)9(12)11(2)15(10,13)14/h3-6H,1-2H3	ZFWXFTSKGBZYIX-UHFFFAOYSA-N	226.257
Schrodinger_fragment_384	CN1c2ccccc2C([O-])=NS1(=O)=O	InChI=1S/C8H8N2O3S/c1-10-7-5-3-2-4-6(7)8(11)9-14(10,12)13/h2-5H,1H3,(H,9,11)/p-1	SDFNUKXPJXSHEO-UHFFFAOYSA-M	211.222
Schrodinger_fragment_384_a	CN1c2ccccc2C(=O)NS1(=O)=O	InChI=1S/C8H8N2O3S/c1-10-7-5-3-2-4-6(7)8(11)9-14(10,12)13/h2-5H,1H3,(H,9,11)	SDFNUKXPJXSHEO-UHFFFAOYSA-N	212.23
Schrodinger_fragment_385	O=C1CCc2cncnc2N1	InChI=1S/C7H7N3O/c11-6-2-1-5-3-8-4-9-7(5)10-6/h3-4H,1-2H2,(H,8,9,10,11)	IEPKYYKIHJSXQJ-UHFFFAOYSA-N	149.153
Schrodinger_fragment_385_a	[O-]C1=Nc2ncncc2CC1	InChI=1S/C7H7N3O/c11-6-2-1-5-3-8-4-9-7(5)10-6/h3-4H,1-2H2,(H,8,9,10,11)/p-1	IEPKYYKIHJSXQJ-UHFFFAOYSA-M	148.14499999999998
Schrodinger_fragment_386	CN1C(=O)CCc2cncnc21	InChI=1S/C8H9N3O/c1-11-7(12)3-2-6-4-9-5-10-8(6)11/h4-5H,2-3H2,1H3	VEBMSSPIOUPHTK-UHFFFAOYSA-N	163.17999999999998
Schrodinger_fragment_387	[O-]c1ccc2cncnc2n1	InChI=1S/C7H5N3O/c11-6-2-1-5-3-8-4-9-7(5)10-6/h1-4H,(H,8,9,10,11)/p-1	WDHAAJIGSXNPFO-UHFFFAOYSA-M	146.129
Schrodinger_fragment_387_a	O=c1ccc2cncnc2[nH]1	InChI=1S/C7H5N3O/c11-6-2-1-5-3-8-4-9-7(5)10-6/h1-4H,(H,8,9,10,11)	WDHAAJIGSXNPFO-UHFFFAOYSA-N	147.137
Schrodinger_fragment_388	Cn1c(=O)ccc2cncnc21	InChI=1S/C8H7N3O/c1-11-7(12)3-2-6-4-9-5-10-8(6)11/h2-5H,1H3	YUKLRMWQYBFCJW-UHFFFAOYSA-N	161.164
Schrodinger_fragment_389	O=C1C[N@H+]2CCCN[C@H]2CN1	InChI=1S/C7H13N3O/c11-7-5-10-3-1-2-8-6(10)4-9-7/h6,8H,1-5H2,(H,9,11)/p+1/t6-/m1/s1	GUOVGTKLBYOYDJ-ZCFIWIBFSA-O	156.20900000000003
Schrodinger_fragment_389_a	[O-]C1=NC[C@@H]2NCCC[N@@H+]2C1	InChI=1S/C7H13N3O/c11-7-5-10-3-1-2-8-6(10)4-9-7/h6,8H,1-5H2,(H,9,11)/t6-/m1/s1	GUOVGTKLBYOYDJ-ZCFIWIBFSA-N	155.20100000000002
Schrodinger_fragment_390	O=C1C[N@H+]2CCCN[C@@H]2CN1	InChI=1S/C7H13N3O/c11-7-5-10-3-1-2-8-6(10)4-9-7/h6,8H,1-5H2,(H,9,11)/p+1/t6-/m0/s1	GUOVGTKLBYOYDJ-LURJTMIESA-O	156.20900000000003
Schrodinger_fragment_390_a	[O-]C1=NC[C@H]2NCCC[N@@H+]2C1	InChI=1S/C7H13N3O/c11-7-5-10-3-1-2-8-6(10)4-9-7/h6,8H,1-5H2,(H,9,11)/t6-/m0/s1	GUOVGTKLBYOYDJ-LURJTMIESA-N	155.20100000000002
Schrodinger_fragment_391	O=C1C[N@@H+]2CCCN[C@H]2CN1	InChI=1S/C7H13N3O/c11-7-5-10-3-1-2-8-6(10)4-9-7/h6,8H,1-5H2,(H,9,11)/p+1/t6-/m1/s1	GUOVGTKLBYOYDJ-ZCFIWIBFSA-O	156.20900000000003
Schrodinger_fragment_391_a	[O-]C1=NC[C@@H]2NCCC[N@H+]2C1	InChI=1S/C7H13N3O/c11-7-5-10-3-1-2-8-6(10)4-9-7/h6,8H,1-5H2,(H,9,11)/t6-/m1/s1	GUOVGTKLBYOYDJ-ZCFIWIBFSA-N	155.20100000000002
Schrodinger_fragment_392	O=C1C[N@@H+]2CCCN[C@@H]2CN1	InChI=1S/C7H13N3O/c11-7-5-10-3-1-2-8-6(10)4-9-7/h6,8H,1-5H2,(H,9,11)/p+1/t6-/m0/s1	GUOVGTKLBYOYDJ-LURJTMIESA-O	156.20900000000003
Schrodinger_fragment_392_a	[O-]C1=NC[C@H]2NCCC[N@H+]2C1	InChI=1S/C7H13N3O/c11-7-5-10-3-1-2-8-6(10)4-9-7/h6,8H,1-5H2,(H,9,11)/t6-/m0/s1	GUOVGTKLBYOYDJ-LURJTMIESA-N	155.20100000000002
Schrodinger_fragment_393	C[N@H+]1CCCN2CC(=O)NC[C@@H]21	InChI=1S/C8H15N3O/c1-10-3-2-4-11-6-7(12)9-5-8(10)11/h8H,2-6H2,1H3,(H,9,12)/p+1/t8-/m1/s1	VXCAQXFQANYBOR-MRVPVSSYSA-O	170.23600000000002
Schrodinger_fragment_393_a	CN1CCC[N@@H+]2CC(=O)NC[C@H]12	InChI=1S/C8H15N3O/c1-10-3-2-4-11-6-7(12)9-5-8(10)11/h8H,2-6H2,1H3,(H,9,12)/p+1/t8-/m1/s1	VXCAQXFQANYBOR-MRVPVSSYSA-O	170.23600000000002
Schrodinger_fragment_393_b	C[N@H+]1CCCN2CC([O-])=NC[C@@H]21	InChI=1S/C8H15N3O/c1-10-3-2-4-11-6-7(12)9-5-8(10)11/h8H,2-6H2,1H3,(H,9,12)/t8-/m1/s1	VXCAQXFQANYBOR-MRVPVSSYSA-N	169.228
Schrodinger_fragment_393_c	CN1CCC[N@@H+]2CC([O-])=NC[C@H]12	InChI=1S/C8H15N3O/c1-10-3-2-4-11-6-7(12)9-5-8(10)11/h8H,2-6H2,1H3,(H,9,12)/t8-/m1/s1	VXCAQXFQANYBOR-MRVPVSSYSA-N	169.228
Schrodinger_fragment_394	C[N@H+]1CCCN2CC(=O)NC[C@H]21	InChI=1S/C8H15N3O/c1-10-3-2-4-11-6-7(12)9-5-8(10)11/h8H,2-6H2,1H3,(H,9,12)/p+1/t8-/m0/s1	VXCAQXFQANYBOR-QMMMGPOBSA-O	170.23600000000002
Schrodinger_fragment_394_a	CN1CCC[N@@H+]2CC(=O)NC[C@@H]12	InChI=1S/C8H15N3O/c1-10-3-2-4-11-6-7(12)9-5-8(10)11/h8H,2-6H2,1H3,(H,9,12)/p+1/t8-/m0/s1	VXCAQXFQANYBOR-QMMMGPOBSA-O	170.23600000000002
Schrodinger_fragment_394_b	C[N@H+]1CCCN2CC([O-])=NC[C@H]21	InChI=1S/C8H15N3O/c1-10-3-2-4-11-6-7(12)9-5-8(10)11/h8H,2-6H2,1H3,(H,9,12)/t8-/m0/s1	VXCAQXFQANYBOR-QMMMGPOBSA-N	169.228
Schrodinger_fragment_394_c	CN1CCC[N@@H+]2CC([O-])=NC[C@@H]12	InChI=1S/C8H15N3O/c1-10-3-2-4-11-6-7(12)9-5-8(10)11/h8H,2-6H2,1H3,(H,9,12)/t8-/m0/s1	VXCAQXFQANYBOR-QMMMGPOBSA-N	169.228
Schrodinger_fragment_395	CN1CCC[N@H+]2CC(=O)NC[C@H]12	InChI=1S/C8H15N3O/c1-10-3-2-4-11-6-7(12)9-5-8(10)11/h8H,2-6H2,1H3,(H,9,12)/p+1/t8-/m1/s1	VXCAQXFQANYBOR-MRVPVSSYSA-O	170.23600000000002
Schrodinger_fragment_395_a	CN1CCC[N@H+]2CC([O-])=NC[C@H]12	InChI=1S/C8H15N3O/c1-10-3-2-4-11-6-7(12)9-5-8(10)11/h8H,2-6H2,1H3,(H,9,12)/t8-/m1/s1	VXCAQXFQANYBOR-MRVPVSSYSA-N	169.228
Schrodinger_fragment_396	CN1CCC[N@H+]2CC(=O)NC[C@@H]12	InChI=1S/C8H15N3O/c1-10-3-2-4-11-6-7(12)9-5-8(10)11/h8H,2-6H2,1H3,(H,9,12)/p+1/t8-/m0/s1	VXCAQXFQANYBOR-QMMMGPOBSA-O	170.23600000000002
Schrodinger_fragment_396_a	CN1CCC[N@H+]2CC([O-])=NC[C@@H]12	InChI=1S/C8H15N3O/c1-10-3-2-4-11-6-7(12)9-5-8(10)11/h8H,2-6H2,1H3,(H,9,12)/t8-/m0/s1	VXCAQXFQANYBOR-QMMMGPOBSA-N	169.228
Schrodinger_fragment_397	C[N@@H+]1CCCN2CC(=O)NC[C@@H]21	InChI=1S/C8H15N3O/c1-10-3-2-4-11-6-7(12)9-5-8(10)11/h8H,2-6H2,1H3,(H,9,12)/p+1/t8-/m1/s1	VXCAQXFQANYBOR-MRVPVSSYSA-O	170.23600000000002
Schrodinger_fragment_397_a	C[N@@H+]1CCCN2CC([O-])=NC[C@@H]21	InChI=1S/C8H15N3O/c1-10-3-2-4-11-6-7(12)9-5-8(10)11/h8H,2-6H2,1H3,(H,9,12)/t8-/m1/s1	VXCAQXFQANYBOR-MRVPVSSYSA-N	169.228
Schrodinger_fragment_398	C[N@@H+]1CCCN2CC(=O)NC[C@H]21	InChI=1S/C8H15N3O/c1-10-3-2-4-11-6-7(12)9-5-8(10)11/h8H,2-6H2,1H3,(H,9,12)/p+1/t8-/m0/s1	VXCAQXFQANYBOR-QMMMGPOBSA-O	170.23600000000002
Schrodinger_fragment_398_a	C[N@@H+]1CCCN2CC([O-])=NC[C@H]21	InChI=1S/C8H15N3O/c1-10-3-2-4-11-6-7(12)9-5-8(10)11/h8H,2-6H2,1H3,(H,9,12)/t8-/m0/s1	VXCAQXFQANYBOR-QMMMGPOBSA-N	169.228
Schrodinger_fragment_399	CN1C[C@H]2N(CCC[N@@H+]2C)CC1=O	InChI=1S/C9H17N3O/c1-10-4-3-5-12-7-9(13)11(2)6-8(10)12/h8H,3-7H2,1-2H3/p+1/t8-/m1/s1	JOCPCMZUIOZPLT-MRVPVSSYSA-O	184.263
Schrodinger_fragment_399_a	CN1C[C@@H]2N(C)CCC[N@@H+]2CC1=O	InChI=1S/C9H17N3O/c1-10-4-3-5-12-7-9(13)11(2)6-8(10)12/h8H,3-7H2,1-2H3/p+1/t8-/m1/s1	JOCPCMZUIOZPLT-MRVPVSSYSA-O	184.263
Schrodinger_fragment_400	CN1C[C@@H]2N(CCC[N@@H+]2C)CC1=O	InChI=1S/C9H17N3O/c1-10-4-3-5-12-7-9(13)11(2)6-8(10)12/h8H,3-7H2,1-2H3/p+1/t8-/m0/s1	JOCPCMZUIOZPLT-QMMMGPOBSA-O	184.263
Schrodinger_fragment_400_a	CN1C[C@H]2N(C)CCC[N@@H+]2CC1=O	InChI=1S/C9H17N3O/c1-10-4-3-5-12-7-9(13)11(2)6-8(10)12/h8H,3-7H2,1-2H3/p+1/t8-/m0/s1	JOCPCMZUIOZPLT-QMMMGPOBSA-O	184.263
Schrodinger_fragment_401	CN1C[C@@H]2N(C)CCC[N@H+]2CC1=O	InChI=1S/C9H17N3O/c1-10-4-3-5-12-7-9(13)11(2)6-8(10)12/h8H,3-7H2,1-2H3/p+1/t8-/m1/s1	JOCPCMZUIOZPLT-MRVPVSSYSA-O	184.263
Schrodinger_fragment_402	CN1C[C@H]2N(C)CCC[N@H+]2CC1=O	InChI=1S/C9H17N3O/c1-10-4-3-5-12-7-9(13)11(2)6-8(10)12/h8H,3-7H2,1-2H3/p+1/t8-/m0/s1	JOCPCMZUIOZPLT-QMMMGPOBSA-O	184.263
Schrodinger_fragment_403	CN1C[C@H]2N(CCC[N@H+]2C)CC1=O	InChI=1S/C9H17N3O/c1-10-4-3-5-12-7-9(13)11(2)6-8(10)12/h8H,3-7H2,1-2H3/p+1/t8-/m1/s1	JOCPCMZUIOZPLT-MRVPVSSYSA-O	184.263
Schrodinger_fragment_404	CN1C[C@@H]2N(CCC[N@H+]2C)CC1=O	InChI=1S/C9H17N3O/c1-10-4-3-5-12-7-9(13)11(2)6-8(10)12/h8H,3-7H2,1-2H3/p+1/t8-/m0/s1	JOCPCMZUIOZPLT-QMMMGPOBSA-O	184.263
Schrodinger_fragment_405	CN1C[C@@H]2NCCC[N@@H+]2CC1=O	InChI=1S/C8H15N3O/c1-10-5-7-9-3-2-4-11(7)6-8(10)12/h7,9H,2-6H2,1H3/p+1/t7-/m1/s1	OUTJKHQOQWZXJA-SSDOTTSWSA-O	170.23600000000002
Schrodinger_fragment_406	CN1C[C@H]2NCCC[N@@H+]2CC1=O	InChI=1S/C8H15N3O/c1-10-5-7-9-3-2-4-11(7)6-8(10)12/h7,9H,2-6H2,1H3/p+1/t7-/m0/s1	OUTJKHQOQWZXJA-ZETCQYMHSA-O	170.23600000000002
Schrodinger_fragment_407	CN1C[C@@H]2NCCC[N@H+]2CC1=O	InChI=1S/C8H15N3O/c1-10-5-7-9-3-2-4-11(7)6-8(10)12/h7,9H,2-6H2,1H3/p+1/t7-/m1/s1	OUTJKHQOQWZXJA-SSDOTTSWSA-O	170.23600000000002
Schrodinger_fragment_408	CN1C[C@H]2NCCC[N@H+]2CC1=O	InChI=1S/C8H15N3O/c1-10-5-7-9-3-2-4-11(7)6-8(10)12/h7,9H,2-6H2,1H3/p+1/t7-/m0/s1	OUTJKHQOQWZXJA-ZETCQYMHSA-O	170.23600000000002
Schrodinger_fragment_409	[O-]c1ncnc2cccnc12	InChI=1S/C7H5N3O/c11-7-6-5(9-4-10-7)2-1-3-8-6/h1-4H,(H,9,10,11)/p-1	FSKYZRCACCHDGR-UHFFFAOYSA-M	146.12899999999996
Schrodinger_fragment_409_a	O=c1[nH]cnc2cccnc12	InChI=1S/C7H5N3O/c11-7-6-5(9-4-10-7)2-1-3-8-6/h1-4H,(H,9,10,11)	FSKYZRCACCHDGR-UHFFFAOYSA-N	147.13699999999997
Schrodinger_fragment_409_b	O=c1nc[nH]c2cccnc12	InChI=1S/C7H5N3O/c11-7-6-5(9-4-10-7)2-1-3-8-6/h1-4H,(H,9,10,11)	FSKYZRCACCHDGR-UHFFFAOYSA-N	147.13699999999997
Schrodinger_fragment_410	Cn1cnc2cccnc2c1=O	InChI=1S/C8H7N3O/c1-11-5-10-6-3-2-4-9-7(6)8(11)12/h2-5H,1H3	IBGHRWAYEACCDW-UHFFFAOYSA-N	161.16399999999996
Schrodinger_fragment_411	O=c1[nH]c([O-])nc2ncccc12	InChI=1S/C7H5N3O2/c11-6-4-2-1-3-8-5(4)9-7(12)10-6/h1-3H,(H2,8,9,10,11,12)/p-1	JQPYINKVAWEQDQ-UHFFFAOYSA-M	162.128
Schrodinger_fragment_411_a	O=c1[nH]c(=O)c2cccnc2[nH]1	InChI=1S/C7H5N3O2/c11-6-4-2-1-3-8-5(4)9-7(12)10-6/h1-3H,(H2,8,9,10,11,12)	JQPYINKVAWEQDQ-UHFFFAOYSA-N	163.136
Schrodinger_fragment_411_b	O=c1[n-]c(=O)c2cccnc2[nH]1	InChI=1S/C7H5N3O2/c11-6-4-2-1-3-8-5(4)9-7(12)10-6/h1-3H,(H2,8,9,10,11,12)/p-1	JQPYINKVAWEQDQ-UHFFFAOYSA-M	162.128
Schrodinger_fragment_411_c	[O-]c1nc([O-])c2cccnc2n1	InChI=1S/C7H5N3O2/c11-6-4-2-1-3-8-5(4)9-7(12)10-6/h1-3H,(H2,8,9,10,11,12)/p-2	JQPYINKVAWEQDQ-UHFFFAOYSA-L	161.11999999999998
Schrodinger_fragment_412	Cn1c([O-])nc2ncccc2c1=O	InChI=1S/C8H7N3O2/c1-11-7(12)5-3-2-4-9-6(5)10-8(11)13/h2-4H,1H3,(H,9,10,13)/p-1	AFQXHZOZYFHQKE-UHFFFAOYSA-M	176.15499999999997
Schrodinger_fragment_412_a	Cn1c(=O)[nH]c2ncccc2c1=O	InChI=1S/C8H7N3O2/c1-11-7(12)5-3-2-4-9-6(5)10-8(11)13/h2-4H,1H3,(H,9,10,13)	AFQXHZOZYFHQKE-UHFFFAOYSA-N	177.16299999999998
Schrodinger_fragment_413	Cn1c(=O)c2cccnc2n(C)c1=O	InChI=1S/C9H9N3O2/c1-11-7-6(4-3-5-10-7)8(13)12(2)9(11)14/h3-5H,1-2H3	MZEAQWYCKAAGJE-UHFFFAOYSA-N	191.18999999999997
Schrodinger_fragment_414	Cn1c(=O)[nH]c(=O)c2cccnc21	InChI=1S/C8H7N3O2/c1-11-6-5(3-2-4-9-6)7(12)10-8(11)13/h2-4H,1H3,(H,10,12,13)	RHJWPKURFUYZTM-UHFFFAOYSA-N	177.16299999999998
Schrodinger_fragment_414_a	Cn1c(=O)[n-]c(=O)c2cccnc21	InChI=1S/C8H7N3O2/c1-11-6-5(3-2-4-9-6)7(12)10-8(11)13/h2-4H,1H3,(H,10,12,13)/p-1	RHJWPKURFUYZTM-UHFFFAOYSA-M	176.15499999999997
Schrodinger_fragment_415	O=c1[nH]c(=O)c2cc[nH]c(=O)c2[nH]1	InChI=1S/C7H5N3O3/c11-5-3-1-2-8-6(12)4(3)9-7(13)10-5/h1-2H,(H,8,12)(H2,9,10,11,13)	WRBYRSMCFKCHMU-UHFFFAOYSA-N	179.135
Schrodinger_fragment_415_a	O=c1[nH]c([O-])nc2c(=O)[nH]ccc12	InChI=1S/C7H5N3O3/c11-5-3-1-2-8-6(12)4(3)9-7(13)10-5/h1-2H,(H,8,12)(H2,9,10,11,13)/p-1	WRBYRSMCFKCHMU-UHFFFAOYSA-M	178.12699999999998
Schrodinger_fragment_415_b	O=c1[n-]c(=O)c2cc[nH]c(=O)c2[nH]1	InChI=1S/C7H5N3O3/c11-5-3-1-2-8-6(12)4(3)9-7(13)10-5/h1-2H,(H3,8,9,10,11,12,13)/p-1	CCVNBTABNCXXDU-UHFFFAOYSA-M	178.12699999999998
Schrodinger_fragment_415_c	O=c1[nH]c(=O)c2ccnc([O-])c2[nH]1	InChI=1S/C7H5N3O3/c11-5-3-1-2-8-6(12)4(3)9-7(13)10-5/h1-2H,(H,8,12)(H2,9,10,11,13)/p-1	WRBYRSMCFKCHMU-UHFFFAOYSA-M	178.12699999999998
Schrodinger_fragment_415_d	O=c1[nH]c([O-])nc2c([O-])nccc12	InChI=1S/C7H5N3O3/c11-5-3-1-2-8-6(12)4(3)9-7(13)10-5/h1-2H,(H,8,12)(H2,9,10,11,13)/p-2	WRBYRSMCFKCHMU-UHFFFAOYSA-L	177.11899999999997
Schrodinger_fragment_415_e	O=c1[nH]ccc2c([O-])nc([O-])nc12	InChI=1S/C7H5N3O3/c11-5-3-1-2-8-6(12)4(3)9-7(13)10-5/h1-2H,(H,8,12)(H2,9,10,11,13)/p-2	WRBYRSMCFKCHMU-UHFFFAOYSA-L	177.11899999999997
Schrodinger_fragment_415_f	O=c1[n-]c(=O)c2ccnc([O-])c2[nH]1	InChI=1S/C7H5N3O3/c11-5-3-1-2-8-6(12)4(3)9-7(13)10-5/h1-2H,(H3,8,9,10,11,12,13)/p-2	CCVNBTABNCXXDU-UHFFFAOYSA-L	177.11899999999997
Schrodinger_fragment_416	Cn1c(=O)[nH]c2c(=O)[nH]ccc2c1=O	InChI=1S/C8H7N3O3/c1-11-7(13)4-2-3-9-6(12)5(4)10-8(11)14/h2-3H,1H3,(H,9,12)(H,10,14)	YZJWZHGGAVAXMG-UHFFFAOYSA-N	193.16199999999998
Schrodinger_fragment_416_a	Cn1c([O-])c2cc[nH]c(=O)c2nc1=O	InChI=1S/C8H7N3O3/c1-11-7(13)4-2-3-9-6(12)5(4)10-8(11)14/h2-3,13H,1H3,(H,9,12)/p-1	XCEPXNSFDZTPPS-UHFFFAOYSA-M	192.15399999999997
Schrodinger_fragment_416_b	Cn1c(=O)[nH]c2c([O-])nccc2c1=O	InChI=1S/C8H7N3O3/c1-11-7(13)4-2-3-9-6(12)5(4)10-8(11)14/h2-3H,1H3,(H,9,12)(H,10,14)/p-1	YZJWZHGGAVAXMG-UHFFFAOYSA-M	192.15399999999997
Schrodinger_fragment_416_c	Cn1c([O-])c2ccnc([O-])c2nc1=O	InChI=1S/C8H7N3O3/c1-11-7(13)4-2-3-9-6(12)5(4)10-8(11)14/h2-3,13H,1H3,(H,9,12)/p-2	XCEPXNSFDZTPPS-UHFFFAOYSA-L	191.14599999999996
Schrodinger_fragment_417	Cn1c(=O)[nH]c(=O)c2cc[nH]c(=O)c21	InChI=1S/C8H7N3O3/c1-11-5-4(2-3-9-7(5)13)6(12)10-8(11)14/h2-3H,1H3,(H,9,13)(H,10,12,14)	JMGFPLWKXNLPRF-UHFFFAOYSA-N	193.16199999999998
Schrodinger_fragment_417_a	Cn1c(=O)[n-]c(=O)c2cc[nH]c(=O)c21	InChI=1S/C8H7N3O3/c1-11-5-4(2-3-9-7(5)13)6(12)10-8(11)14/h2-3H,1H3,(H2,9,10,12,13,14)/p-1	VYQCUNNLOIJNBY-UHFFFAOYSA-M	192.15399999999997
Schrodinger_fragment_417_b	Cn1c(=O)[nH]c(=O)c2ccnc([O-])c21	InChI=1S/C8H7N3O3/c1-11-5-4(2-3-9-7(5)13)6(12)10-8(11)14/h2-3H,1H3,(H,9,13)(H,10,12,14)/p-1	JMGFPLWKXNLPRF-UHFFFAOYSA-M	192.15399999999997
Schrodinger_fragment_418	Cn1ccc2c(=O)[nH]c(=O)[nH]c2c1=O	InChI=1S/C8H7N3O3/c1-11-3-2-4-5(7(11)13)9-8(14)10-6(4)12/h2-3H,1H3,(H2,9,10,12,14)	OVMFRGWVSUMBDW-UHFFFAOYSA-N	193.16199999999998
Schrodinger_fragment_418_a	Cn1ccc2c(=O)[nH]c([O-])nc2c1=O	InChI=1S/C8H7N3O3/c1-11-3-2-4-5(7(11)13)9-8(14)10-6(4)12/h2-3H,1H3,(H2,9,10,12,14)/p-1	OVMFRGWVSUMBDW-UHFFFAOYSA-M	192.15399999999997
Schrodinger_fragment_418_b	Cn1ccc2c(=O)[n-]c(=O)[nH]c2c1=O	InChI=1S/C8H7N3O3/c1-11-3-2-4-5(7(11)13)9-8(14)10-6(4)12/h2-3H,1H3,(H2,9,10,12,14)/p-1	OVMFRGWVSUMBDW-UHFFFAOYSA-M	192.15399999999997
Schrodinger_fragment_419	Cn1c(=O)c2cc[nH]c(=O)c2n(C)c1=O	InChI=1S/C9H9N3O3/c1-11-6-5(3-4-10-7(6)13)8(14)12(2)9(11)15/h3-4H,1-2H3,(H,10,13)	VVNZLGGVHONSIQ-UHFFFAOYSA-N	207.18899999999996
Schrodinger_fragment_419_a	Cn1c(=O)c2ccnc([O-])c2n(C)c1=O	InChI=1S/C9H9N3O3/c1-11-6-5(3-4-10-7(6)13)8(14)12(2)9(11)15/h3-4H,1-2H3,(H,10,13)/p-1	VVNZLGGVHONSIQ-UHFFFAOYSA-M	206.18099999999995
Schrodinger_fragment_420	Cn1ccc2c(=O)n(C)c(=O)[nH]c2c1=O	InChI=1S/C9H9N3O3/c1-11-4-3-5-6(8(11)14)10-9(15)12(2)7(5)13/h3-4H,1-2H3,(H,10,15)	AXLFZTSRJRXBJS-UHFFFAOYSA-N	207.18899999999996
Schrodinger_fragment_420_a	Cn1ccc2c(=O)n(C)c([O-])nc2c1=O	InChI=1S/C9H9N3O3/c1-11-4-3-5-6(8(11)14)10-9(15)12(2)7(5)13/h3-4H,1-2H3,(H,10,15)/p-1	AXLFZTSRJRXBJS-UHFFFAOYSA-M	206.18099999999995
Schrodinger_fragment_421	Cn1ccc2c(=O)[nH]c(=O)n(C)c2c1=O	InChI=1S/C9H9N3O3/c1-11-4-3-5-6(8(11)14)12(2)9(15)10-7(5)13/h3-4H,1-2H3,(H,10,13,15)	SJWWTQHIDYQMSE-UHFFFAOYSA-N	207.18899999999996
Schrodinger_fragment_421_a	Cn1ccc2c(=O)[n-]c(=O)n(C)c2c1=O	InChI=1S/C9H9N3O3/c1-11-4-3-5-6(8(11)14)12(2)9(15)10-7(5)13/h3-4H,1-2H3,(H,10,13,15)/p-1	SJWWTQHIDYQMSE-UHFFFAOYSA-M	206.18099999999995
Schrodinger_fragment_422	Cn1ccc2c(=O)n(C)c(=O)n(C)c2c1=O	InChI=1S/C10H11N3O3/c1-11-5-4-6-7(9(11)15)12(2)10(16)13(3)8(6)14/h4-5H,1-3H3	KXJMYXGELFCHRV-UHFFFAOYSA-N	221.21599999999995
Schrodinger_fragment_423	O=S1(=O)N=Cc2nccnc2[N-]1	InChI=1S/C5H3N4O2S/c10-12(11)8-3-4-5(9-12)7-2-1-6-4/h1-3H/q-1	NQHULKAGTQSGIH-UHFFFAOYSA-N	183.172
Schrodinger_fragment_424	CN1c2nccnc2C=NS1(=O)=O	InChI=1S/C6H6N4O2S/c1-10-6-5(7-2-3-8-6)4-9-13(10,11)12/h2-4H,1H3	UOSQGKGQAYXVQW-UHFFFAOYSA-N	198.207
Schrodinger_fragment_425	O=C1CCc2ccccc2CN1	InChI=1S/C10H11NO/c12-10-6-5-8-3-1-2-4-9(8)7-11-10/h1-4H,5-7H2,(H,11,12)	SRQMOHGEWMZUOI-UHFFFAOYSA-N	161.204
Schrodinger_fragment_426	O=C1CCCC[C@@H]2CCCCN12	InChI=1S/C10H17NO/c12-10-7-2-1-5-9-6-3-4-8-11(9)10/h9H,1-8H2/t9-/m1/s1	MOEJEPCVJCAMRD-SECBINFHSA-N	167.25199999999995
Schrodinger_fragment_427	O=C1CCCC[C@H]2CCCCN12	InChI=1S/C10H17NO/c12-10-7-2-1-5-9-6-3-4-8-11(9)10/h9H,1-8H2/t9-/m0/s1	MOEJEPCVJCAMRD-VIFPVBQESA-N	167.25199999999995
Schrodinger_fragment_428	O=C1CCCc2ccccc2N1	InChI=1S/C10H11NO/c12-10-7-3-5-8-4-1-2-6-9(8)11-10/h1-2,4,6H,3,5,7H2,(H,11,12)	HRVRAYIYXRVAPR-UHFFFAOYSA-N	161.20400000000004
Schrodinger_fragment_429	c1ccc2c(c1)C[NH2+]CCN2	InChI=1S/C9H12N2/c1-2-4-9-8(3-1)7-10-5-6-11-9/h1-4,10-11H,5-7H2/p+1	MLXBHOCKBUILHN-UHFFFAOYSA-O	149.21699999999998
Schrodinger_fragment_430	O=C1C[NH+]=Cc2ccccc2N1	InChI=1S/C9H8N2O/c12-9-6-10-5-7-3-1-2-4-8(7)11-9/h1-5H,6H2,(H,11,12)/p+1	UDLAUVFRZXIQJS-UHFFFAOYSA-O	161.184
Schrodinger_fragment_430_a	O=C1CN=Cc2ccccc2N1	InChI=1S/C9H8N2O/c12-9-6-10-5-7-3-1-2-4-8(7)11-9/h1-5H,6H2,(H,11,12)	UDLAUVFRZXIQJS-UHFFFAOYSA-N	160.176
Schrodinger_fragment_431	CN1C(=O)CN=Cc2ccccc21	InChI=1S/C10H10N2O/c1-12-9-5-3-2-4-8(9)6-11-7-10(12)13/h2-6H,7H2,1H3	YLRSPHVBGSAJJA-UHFFFAOYSA-N	174.203
Schrodinger_fragment_431_a	CN1C(=O)C[NH+]=Cc2ccccc21	InChI=1S/C10H10N2O/c1-12-9-5-3-2-4-8(9)6-11-7-10(12)13/h2-6H,7H2,1H3/p+1	YLRSPHVBGSAJJA-UHFFFAOYSA-O	175.211
Schrodinger_fragment_432	O=C1CNc2ccccc2CN1	InChI=1S/C9H10N2O/c12-9-6-10-8-4-2-1-3-7(8)5-11-9/h1-4,10H,5-6H2,(H,11,12)	YDCUQJVYYWANPZ-UHFFFAOYSA-N	162.19199999999998
Schrodinger_fragment_432_a	O=C1C[NH2+]c2ccccc2CN1	InChI=1S/C9H10N2O/c12-9-6-10-8-4-2-1-3-7(8)5-11-9/h1-4,10H,5-6H2,(H,11,12)/p+1	YDCUQJVYYWANPZ-UHFFFAOYSA-O	163.19999999999996
Schrodinger_fragment_432_b	[O-]C1=NCc2ccccc2[NH2+]C1	InChI=1S/C9H10N2O/c12-9-6-10-8-4-2-1-3-7(8)5-11-9/h1-4,10H,5-6H2,(H,11,12)	YDCUQJVYYWANPZ-UHFFFAOYSA-N	162.19199999999998
Schrodinger_fragment_433	CN1CC(=O)NCc2ccccc21	InChI=1S/C10H12N2O/c1-12-7-10(13)11-6-8-4-2-3-5-9(8)12/h2-5H,6-7H2,1H3,(H,11,13)	VHACYSRLRVHYAU-UHFFFAOYSA-N	176.21899999999997
Schrodinger_fragment_434	CN1Cc2ccccc2NCC1=O	InChI=1S/C10H12N2O/c1-12-7-8-4-2-3-5-9(8)11-6-10(12)13/h2-5,11H,6-7H2,1H3	XPHNMBZHUMMDQR-UHFFFAOYSA-N	176.219
Schrodinger_fragment_434_a	CN1Cc2ccccc2[NH2+]CC1=O	InChI=1S/C10H12N2O/c1-12-7-8-4-2-3-5-9(8)11-6-10(12)13/h2-5,11H,6-7H2,1H3/p+1	XPHNMBZHUMMDQR-UHFFFAOYSA-O	177.22699999999998
Schrodinger_fragment_435	O=C1CCCC(=O)N2CCCCN12	InChI=1S/C9H14N2O2/c12-8-4-3-5-9(13)11-7-2-1-6-10(8)11/h1-7H2	HYJFZZIKODRHLB-UHFFFAOYSA-N	182.22299999999998
Schrodinger_fragment_436	O=C1CNC(=O)c2ccccc2N1	InChI=1S/C9H8N2O2/c12-8-5-10-9(13)6-3-1-2-4-7(6)11-8/h1-4H,5H2,(H,10,13)(H,11,12)	AZHGGDCFQPMANU-UHFFFAOYSA-N	176.17499999999998
Schrodinger_fragment_436_a	O=C1NCC([O-])=Nc2ccccc21	InChI=1S/C9H8N2O2/c12-8-5-10-9(13)6-3-1-2-4-7(6)11-8/h1-4H,5H2,(H,10,13)(H,11,12)/p-1	AZHGGDCFQPMANU-UHFFFAOYSA-M	175.16699999999997
Schrodinger_fragment_436_b	O=C1CN=C([O-])c2ccccc2N1	InChI=1S/C9H8N2O2/c12-8-5-10-9(13)6-3-1-2-4-7(6)11-8/h1-4H,5H2,(H,10,13)(H,11,12)/p-1	AZHGGDCFQPMANU-UHFFFAOYSA-M	175.16699999999997
Schrodinger_fragment_437	CN1C(=O)CNC(=O)c2ccccc21	InChI=1S/C10H10N2O2/c1-12-8-5-3-2-4-7(8)10(14)11-6-9(12)13/h2-5H,6H2,1H3,(H,11,14)	MUESRUHFMTYDIT-UHFFFAOYSA-N	190.20199999999997
Schrodinger_fragment_437_a	CN1C(=O)CN=C([O-])c2ccccc21	InChI=1S/C10H10N2O2/c1-12-8-5-3-2-4-7(8)10(14)11-6-9(12)13/h2-5H,6H2,1H3,(H,11,14)/p-1	MUESRUHFMTYDIT-UHFFFAOYSA-M	189.19399999999996
Schrodinger_fragment_438	CN1CC(=O)Nc2ccccc2C1=O	InChI=1S/C10H10N2O2/c1-12-6-9(13)11-8-5-3-2-4-7(8)10(12)14/h2-5H,6H2,1H3,(H,11,13)	ZVHUQIMPAVOVTR-UHFFFAOYSA-N	190.20199999999997
Schrodinger_fragment_438_a	CN1CC([O-])=Nc2ccccc2C1=O	InChI=1S/C10H10N2O2/c1-12-6-9(13)11-8-5-3-2-4-7(8)10(12)14/h2-5H,6H2,1H3,(H,11,13)/p-1	ZVHUQIMPAVOVTR-UHFFFAOYSA-M	189.19399999999996
Schrodinger_fragment_439	O=C1CC(=O)Nc2ccccc2N1	InChI=1S/C9H8N2O2/c12-8-5-9(13)11-7-4-2-1-3-6(7)10-8/h1-4H,5H2,(H,10,12)(H,11,13)	UNFHOAZOCIELCW-UHFFFAOYSA-N	176.17499999999998
Schrodinger_fragment_440	CN1C(=O)CC(=O)Nc2ccccc21	InChI=1S/C10H10N2O2/c1-12-8-5-3-2-4-7(8)11-9(13)6-10(12)14/h2-5H,6H2,1H3,(H,11,13)	DZAKVUGMHRGTFR-UHFFFAOYSA-N	190.20199999999997
Schrodinger_fragment_441	O=C1CCCC(=O)N2CC=CCN12	InChI=1S/C9H12N2O2/c12-8-4-3-5-9(13)11-7-2-1-6-10(8)11/h1-2H,3-7H2	YEPSZUOCNORXAD-UHFFFAOYSA-N	180.20699999999997
